datetime,agency_cd,site_no,datetime,136973_00060_00003,136973_00060_00003_cd
1946-04-01,USGS,8184500,1946-04-01,0.0,A
1946-04-02,USGS,8184500,1946-04-02,0.0,A
1946-04-03,USGS,8184500,1946-04-03,0.0,A
1946-04-04,USGS,8184500,1946-04-04,0.0,A
1946-04-05,USGS,8184500,1946-04-05,0.0,A
1946-04-06,USGS,8184500,1946-04-06,0.0,A
1946-04-07,USGS,8184500,1946-04-07,0.0,A
1946-04-08,USGS,8184500,1946-04-08,0.0,A
1946-04-09,USGS,8184500,1946-04-09,0.0,A
1946-04-10,USGS,8184500,1946-04-10,0.0,A
1946-04-11,USGS,8184500,1946-04-11,0.0,A
1946-04-12,USGS,8184500,1946-04-12,0.0,A
1946-04-13,USGS,8184500,1946-04-13,0.0,A
1946-04-14,USGS,8184500,1946-04-14,0.0,A
1946-04-15,USGS,8184500,1946-04-15,0.0,A
1946-04-16,USGS,8184500,1946-04-16,0.0,A
1946-04-17,USGS,8184500,1946-04-17,0.0,A
1946-04-18,USGS,8184500,1946-04-18,0.0,A
1946-04-19,USGS,8184500,1946-04-19,0.0,A
1946-04-20,USGS,8184500,1946-04-20,0.0,A
1946-04-21,USGS,8184500,1946-04-21,0.0,A
1946-04-22,USGS,8184500,1946-04-22,0.0,A
1946-04-23,USGS,8184500,1946-04-23,0.0,A
1946-04-24,USGS,8184500,1946-04-24,0.0,A
1946-04-25,USGS,8184500,1946-04-25,0.0,A
1946-04-26,USGS,8184500,1946-04-26,0.0,A
1946-04-27,USGS,8184500,1946-04-27,0.0,A
1946-04-28,USGS,8184500,1946-04-28,0.0,A
1946-04-29,USGS,8184500,1946-04-29,0.0,A
1946-04-30,USGS,8184500,1946-04-30,0.0,A
1946-06-01,USGS,8184500,1946-06-01,0.0,A
1946-06-02,USGS,8184500,1946-06-02,0.0,A
1946-06-03,USGS,8184500,1946-06-03,0.0,A
1946-06-04,USGS,8184500,1946-06-04,0.0,A
1946-06-05,USGS,8184500,1946-06-05,0.0,A
1946-06-06,USGS,8184500,1946-06-06,0.0,A
1946-06-07,USGS,8184500,1946-06-07,0.0,A
1946-06-08,USGS,8184500,1946-06-08,0.0,A
1946-06-09,USGS,8184500,1946-06-09,0.0,A
1946-06-10,USGS,8184500,1946-06-10,0.0,A
1946-06-11,USGS,8184500,1946-06-11,0.0,A
1946-06-12,USGS,8184500,1946-06-12,0.0,A
1946-06-13,USGS,8184500,1946-06-13,0.0,A
1946-06-14,USGS,8184500,1946-06-14,0.0,A
1946-06-15,USGS,8184500,1946-06-15,0.0,A
1946-06-16,USGS,8184500,1946-06-16,0.0,A
1946-06-17,USGS,8184500,1946-06-17,0.0,A
1946-06-18,USGS,8184500,1946-06-18,0.0,A
1946-06-19,USGS,8184500,1946-06-19,0.0,A
1946-06-20,USGS,8184500,1946-06-20,0.0,A
1946-06-21,USGS,8184500,1946-06-21,0.0,A
1946-06-22,USGS,8184500,1946-06-22,0.0,A
1946-06-23,USGS,8184500,1946-06-23,0.0,A
1946-06-24,USGS,8184500,1946-06-24,0.0,A
1946-06-25,USGS,8184500,1946-06-25,0.0,A
1946-06-26,USGS,8184500,1946-06-26,0.0,A
1946-06-27,USGS,8184500,1946-06-27,0.0,A
1946-06-28,USGS,8184500,1946-06-28,0.0,A
1946-06-29,USGS,8184500,1946-06-29,0.0,A
1946-06-30,USGS,8184500,1946-06-30,0.0,A
1946-07-01,USGS,8184500,1946-07-01,0.0,A
1946-07-02,USGS,8184500,1946-07-02,0.0,A
1946-07-03,USGS,8184500,1946-07-03,0.0,A
1946-07-04,USGS,8184500,1946-07-04,0.0,A
1946-07-05,USGS,8184500,1946-07-05,0.0,A
1946-07-06,USGS,8184500,1946-07-06,0.0,A
1946-07-07,USGS,8184500,1946-07-07,0.0,A
1946-07-08,USGS,8184500,1946-07-08,0.0,A
1946-07-09,USGS,8184500,1946-07-09,0.0,A
1946-07-10,USGS,8184500,1946-07-10,0.0,A
1946-07-11,USGS,8184500,1946-07-11,0.0,A
1946-07-12,USGS,8184500,1946-07-12,0.0,A
1946-07-13,USGS,8184500,1946-07-13,0.0,A
1946-07-14,USGS,8184500,1946-07-14,0.0,A
1946-07-15,USGS,8184500,1946-07-15,0.0,A
1946-07-16,USGS,8184500,1946-07-16,0.0,A
1946-07-17,USGS,8184500,1946-07-17,0.0,A
1946-07-18,USGS,8184500,1946-07-18,0.0,A
1946-07-19,USGS,8184500,1946-07-19,0.0,A
1946-07-20,USGS,8184500,1946-07-20,0.0,A
1946-07-21,USGS,8184500,1946-07-21,0.0,A
1946-07-22,USGS,8184500,1946-07-22,0.0,A
1946-07-23,USGS,8184500,1946-07-23,0.0,A
1946-07-24,USGS,8184500,1946-07-24,0.0,A
1946-07-25,USGS,8184500,1946-07-25,0.0,A
1946-07-26,USGS,8184500,1946-07-26,0.0,A
1946-07-27,USGS,8184500,1946-07-27,0.0,A
1946-07-28,USGS,8184500,1946-07-28,0.0,A
1946-07-29,USGS,8184500,1946-07-29,0.0,A
1946-07-30,USGS,8184500,1946-07-30,0.0,A
1946-07-31,USGS,8184500,1946-07-31,0.0,A
1946-08-01,USGS,8184500,1946-08-01,0.0,A
1946-08-02,USGS,8184500,1946-08-02,0.0,A
1946-08-03,USGS,8184500,1946-08-03,0.0,A
1946-08-04,USGS,8184500,1946-08-04,0.0,A
1946-08-05,USGS,8184500,1946-08-05,0.0,A
1946-08-06,USGS,8184500,1946-08-06,0.0,A
1946-08-07,USGS,8184500,1946-08-07,0.0,A
1946-08-08,USGS,8184500,1946-08-08,0.0,A
1946-08-09,USGS,8184500,1946-08-09,0.0,A
1946-08-10,USGS,8184500,1946-08-10,0.0,A
1946-08-11,USGS,8184500,1946-08-11,0.0,A
1946-08-12,USGS,8184500,1946-08-12,0.0,A
1946-08-13,USGS,8184500,1946-08-13,0.0,A
1946-08-14,USGS,8184500,1946-08-14,0.0,A
1946-08-15,USGS,8184500,1946-08-15,0.0,A
1946-08-16,USGS,8184500,1946-08-16,0.0,A
1946-08-17,USGS,8184500,1946-08-17,0.0,A
1946-08-18,USGS,8184500,1946-08-18,0.0,A
1946-08-19,USGS,8184500,1946-08-19,0.0,A
1946-08-20,USGS,8184500,1946-08-20,0.0,A
1946-08-21,USGS,8184500,1946-08-21,0.0,A
1946-08-22,USGS,8184500,1946-08-22,0.0,A
1946-08-23,USGS,8184500,1946-08-23,0.0,A
1946-08-24,USGS,8184500,1946-08-24,0.0,A
1946-08-25,USGS,8184500,1946-08-25,0.0,A
1946-08-26,USGS,8184500,1946-08-26,0.0,A
1946-08-27,USGS,8184500,1946-08-27,0.0,A
1946-08-28,USGS,8184500,1946-08-28,0.0,A
1946-08-29,USGS,8184500,1946-08-29,0.0,A
1946-08-30,USGS,8184500,1946-08-30,0.0,A
1946-08-31,USGS,8184500,1946-08-31,0.0,A
1946-10-01,USGS,8184500,1946-10-01,47.0,A
1946-10-02,USGS,8184500,1946-10-02,27.0,A
1946-10-03,USGS,8184500,1946-10-03,16.0,A
1946-10-04,USGS,8184500,1946-10-04,15.0,A
1946-10-05,USGS,8184500,1946-10-05,13.0,A
1946-10-06,USGS,8184500,1946-10-06,9.2,A
1946-10-07,USGS,8184500,1946-10-07,7.7,A
1946-10-08,USGS,8184500,1946-10-08,7.0,A
1946-10-09,USGS,8184500,1946-10-09,6.6,A
1946-10-10,USGS,8184500,1946-10-10,5.4,A
1946-10-11,USGS,8184500,1946-10-11,54.0,A
1946-10-12,USGS,8184500,1946-10-12,49.0,A
1946-10-13,USGS,8184500,1946-10-13,23.0,A
1946-10-14,USGS,8184500,1946-10-14,14.0,A
1946-10-15,USGS,8184500,1946-10-15,8.0,A
1946-10-16,USGS,8184500,1946-10-16,5.1,A
1946-10-17,USGS,8184500,1946-10-17,1.8,A
1946-10-18,USGS,8184500,1946-10-18,0.5,A
1946-10-19,USGS,8184500,1946-10-19,0.0,A
1946-10-20,USGS,8184500,1946-10-20,0.0,A
1946-10-21,USGS,8184500,1946-10-21,0.0,A
1946-10-22,USGS,8184500,1946-10-22,0.0,A
1946-10-23,USGS,8184500,1946-10-23,0.0,A
1946-10-24,USGS,8184500,1946-10-24,0.0,A
1946-10-25,USGS,8184500,1946-10-25,0.0,A
1946-10-26,USGS,8184500,1946-10-26,0.0,A
1946-10-27,USGS,8184500,1946-10-27,0.0,A
1946-10-28,USGS,8184500,1946-10-28,0.0,A
1946-10-29,USGS,8184500,1946-10-29,0.0,A
1946-10-30,USGS,8184500,1946-10-30,0.0,A
1946-10-31,USGS,8184500,1946-10-31,0.0,A
1946-12-01,USGS,8184500,1946-12-01,0.0,A
1946-12-02,USGS,8184500,1946-12-02,0.0,A
1946-12-03,USGS,8184500,1946-12-03,0.0,A
1946-12-04,USGS,8184500,1946-12-04,0.0,A
1946-12-05,USGS,8184500,1946-12-05,0.0,A
1946-12-06,USGS,8184500,1946-12-06,0.0,A
1946-12-07,USGS,8184500,1946-12-07,0.0,A
1946-12-08,USGS,8184500,1946-12-08,0.0,A
1946-12-09,USGS,8184500,1946-12-09,0.0,A
1946-12-10,USGS,8184500,1946-12-10,0.0,A
1946-12-11,USGS,8184500,1946-12-11,14.0,A
1946-12-12,USGS,8184500,1946-12-12,134.0,A
1946-12-13,USGS,8184500,1946-12-13,81.0,A
1946-12-14,USGS,8184500,1946-12-14,42.0,A
1946-12-15,USGS,8184500,1946-12-15,27.0,A
1946-12-16,USGS,8184500,1946-12-16,20.0,A
1946-12-17,USGS,8184500,1946-12-17,16.0,A
1946-12-18,USGS,8184500,1946-12-18,13.0,A
1946-12-19,USGS,8184500,1946-12-19,11.0,A
1946-12-20,USGS,8184500,1946-12-20,9.6,A
1946-12-21,USGS,8184500,1946-12-21,7.4,A
1946-12-22,USGS,8184500,1946-12-22,6.0,A
1946-12-23,USGS,8184500,1946-12-23,5.1,A
1946-12-24,USGS,8184500,1946-12-24,4.8,A
1946-12-25,USGS,8184500,1946-12-25,4.3,A
1946-12-26,USGS,8184500,1946-12-26,3.8,A
1946-12-27,USGS,8184500,1946-12-27,3.2,A
1946-12-28,USGS,8184500,1946-12-28,2.2,A
1946-12-29,USGS,8184500,1946-12-29,1.4,A
1946-12-30,USGS,8184500,1946-12-30,0.6,A
1946-12-31,USGS,8184500,1946-12-31,0.6,A
1947-01-01,USGS,8184500,1947-01-01,1.0,A
1947-01-02,USGS,8184500,1947-01-02,1.2,A
1947-01-03,USGS,8184500,1947-01-03,0.6,A
1947-01-04,USGS,8184500,1947-01-04,0.3,A
1947-01-05,USGS,8184500,1947-01-05,0.0,A
1947-01-06,USGS,8184500,1947-01-06,0.0,A
1947-01-07,USGS,8184500,1947-01-07,0.0,A
1947-01-08,USGS,8184500,1947-01-08,0.0,A
1947-01-09,USGS,8184500,1947-01-09,0.0,A
1947-01-10,USGS,8184500,1947-01-10,0.4,A
1947-01-11,USGS,8184500,1947-01-11,0.6,A
1947-01-12,USGS,8184500,1947-01-12,0.8,A
1947-01-13,USGS,8184500,1947-01-13,1.5,A
1947-01-14,USGS,8184500,1947-01-14,1.6,A
1947-01-15,USGS,8184500,1947-01-15,1.2,A
1947-01-16,USGS,8184500,1947-01-16,1.0,A
1947-01-17,USGS,8184500,1947-01-17,3.0,A
1947-01-18,USGS,8184500,1947-01-18,6.3,A
1947-01-19,USGS,8184500,1947-01-19,7.0,A
1947-01-20,USGS,8184500,1947-01-20,8.0,A
1947-01-21,USGS,8184500,1947-01-21,53.0,A
1947-01-22,USGS,8184500,1947-01-22,63.0,A
1947-01-23,USGS,8184500,1947-01-23,57.0,A
1947-01-24,USGS,8184500,1947-01-24,57.0,A
1947-01-25,USGS,8184500,1947-01-25,50.0,A
1947-01-26,USGS,8184500,1947-01-26,39.0,A
1947-01-27,USGS,8184500,1947-01-27,29.0,A
1947-01-28,USGS,8184500,1947-01-28,22.0,A
1947-01-29,USGS,8184500,1947-01-29,18.0,A
1947-01-30,USGS,8184500,1947-01-30,12.0,A
1947-01-31,USGS,8184500,1947-01-31,8.0,A
1947-02-01,USGS,8184500,1947-02-01,6.0,A
1947-02-02,USGS,8184500,1947-02-02,4.6,A
1947-02-03,USGS,8184500,1947-02-03,4.0,A
1947-02-04,USGS,8184500,1947-02-04,3.6,A
1947-02-05,USGS,8184500,1947-02-05,3.0,A
1947-02-06,USGS,8184500,1947-02-06,3.0,A
1947-02-07,USGS,8184500,1947-02-07,2.4,A
1947-02-08,USGS,8184500,1947-02-08,2.0,A
1947-02-09,USGS,8184500,1947-02-09,1.4,A
1947-02-10,USGS,8184500,1947-02-10,1.0,A
1947-02-11,USGS,8184500,1947-02-11,0.6,A
1947-02-12,USGS,8184500,1947-02-12,0.4,A
1947-02-13,USGS,8184500,1947-02-13,0.0,A
1947-02-14,USGS,8184500,1947-02-14,0.0,A
1947-02-15,USGS,8184500,1947-02-15,0.0,A
1947-02-16,USGS,8184500,1947-02-16,0.0,A
1947-02-17,USGS,8184500,1947-02-17,0.0,A
1947-02-18,USGS,8184500,1947-02-18,0.0,A
1947-02-19,USGS,8184500,1947-02-19,0.0,A
1947-02-20,USGS,8184500,1947-02-20,0.0,A
1947-02-21,USGS,8184500,1947-02-21,0.0,A
1947-02-22,USGS,8184500,1947-02-22,0.0,A
1947-02-23,USGS,8184500,1947-02-23,0.0,A
1947-02-24,USGS,8184500,1947-02-24,0.0,A
1947-02-25,USGS,8184500,1947-02-25,0.0,A
1947-02-26,USGS,8184500,1947-02-26,0.0,A
1947-02-27,USGS,8184500,1947-02-27,0.0,A
1947-02-28,USGS,8184500,1947-02-28,0.0,A
1947-03-01,USGS,8184500,1947-03-01,0.0,A
1947-03-02,USGS,8184500,1947-03-02,0.0,A
1947-03-03,USGS,8184500,1947-03-03,0.0,A
1947-03-04,USGS,8184500,1947-03-04,0.0,A
1947-03-05,USGS,8184500,1947-03-05,0.0,A
1947-03-06,USGS,8184500,1947-03-06,0.0,A
1947-03-07,USGS,8184500,1947-03-07,0.0,A
1947-03-08,USGS,8184500,1947-03-08,0.0,A
1947-03-09,USGS,8184500,1947-03-09,0.0,A
1947-03-10,USGS,8184500,1947-03-10,0.0,A
1947-03-11,USGS,8184500,1947-03-11,0.0,A
1947-03-12,USGS,8184500,1947-03-12,0.0,A
1947-03-13,USGS,8184500,1947-03-13,0.0,A
1947-03-14,USGS,8184500,1947-03-14,0.0,A
1947-03-15,USGS,8184500,1947-03-15,0.0,A
1947-03-16,USGS,8184500,1947-03-16,0.0,A
1947-03-17,USGS,8184500,1947-03-17,0.0,A
1947-03-18,USGS,8184500,1947-03-18,0.0,A
1947-03-19,USGS,8184500,1947-03-19,0.0,A
1947-03-20,USGS,8184500,1947-03-20,0.0,A
1947-03-21,USGS,8184500,1947-03-21,0.0,A
1947-03-22,USGS,8184500,1947-03-22,0.0,A
1947-03-23,USGS,8184500,1947-03-23,0.0,A
1947-03-24,USGS,8184500,1947-03-24,0.0,A
1947-03-25,USGS,8184500,1947-03-25,0.0,A
1947-03-26,USGS,8184500,1947-03-26,0.0,A
1947-03-27,USGS,8184500,1947-03-27,0.0,A
1947-03-28,USGS,8184500,1947-03-28,0.0,A
1947-03-29,USGS,8184500,1947-03-29,0.0,A
1947-03-30,USGS,8184500,1947-03-30,0.0,A
1947-03-31,USGS,8184500,1947-03-31,0.0,A
1947-04-01,USGS,8184500,1947-04-01,0.0,A
1947-04-02,USGS,8184500,1947-04-02,0.0,A
1947-04-03,USGS,8184500,1947-04-03,0.0,A
1947-04-04,USGS,8184500,1947-04-04,0.0,A
1947-04-05,USGS,8184500,1947-04-05,0.0,A
1947-04-06,USGS,8184500,1947-04-06,0.0,A
1947-04-07,USGS,8184500,1947-04-07,0.0,A
1947-04-08,USGS,8184500,1947-04-08,0.0,A
1947-04-09,USGS,8184500,1947-04-09,0.0,A
1947-04-10,USGS,8184500,1947-04-10,0.0,A
1947-04-11,USGS,8184500,1947-04-11,0.0,A
1947-04-12,USGS,8184500,1947-04-12,0.0,A
1947-04-13,USGS,8184500,1947-04-13,0.0,A
1947-04-14,USGS,8184500,1947-04-14,0.0,A
1947-04-15,USGS,8184500,1947-04-15,0.0,A
1947-04-16,USGS,8184500,1947-04-16,0.0,A
1947-04-17,USGS,8184500,1947-04-17,0.0,A
1947-04-18,USGS,8184500,1947-04-18,0.0,A
1947-04-19,USGS,8184500,1947-04-19,0.0,A
1947-04-20,USGS,8184500,1947-04-20,0.0,A
1947-04-21,USGS,8184500,1947-04-21,0.0,A
1947-04-22,USGS,8184500,1947-04-22,0.0,A
1947-04-23,USGS,8184500,1947-04-23,0.0,A
1947-04-24,USGS,8184500,1947-04-24,0.0,A
1947-04-25,USGS,8184500,1947-04-25,0.0,A
1947-04-26,USGS,8184500,1947-04-26,0.0,A
1947-04-27,USGS,8184500,1947-04-27,0.0,A
1947-04-28,USGS,8184500,1947-04-28,0.0,A
1947-04-29,USGS,8184500,1947-04-29,0.0,A
1947-04-30,USGS,8184500,1947-04-30,0.0,A
1947-05-01,USGS,8184500,1947-05-01,0.0,A
1947-05-02,USGS,8184500,1947-05-02,0.0,A
1947-05-03,USGS,8184500,1947-05-03,0.0,A
1947-05-04,USGS,8184500,1947-05-04,0.0,A
1947-05-05,USGS,8184500,1947-05-05,0.0,A
1947-05-06,USGS,8184500,1947-05-06,0.0,A
1947-05-07,USGS,8184500,1947-05-07,0.0,A
1947-05-08,USGS,8184500,1947-05-08,0.0,A
1947-05-09,USGS,8184500,1947-05-09,0.0,A
1947-05-10,USGS,8184500,1947-05-10,0.0,A
1947-05-11,USGS,8184500,1947-05-11,0.0,A
1947-05-12,USGS,8184500,1947-05-12,0.0,A
1947-05-13,USGS,8184500,1947-05-13,0.0,A
1947-05-14,USGS,8184500,1947-05-14,0.0,A
1947-05-15,USGS,8184500,1947-05-15,0.0,A
1947-05-16,USGS,8184500,1947-05-16,0.0,A
1947-05-17,USGS,8184500,1947-05-17,0.0,A
1947-05-18,USGS,8184500,1947-05-18,0.0,A
1947-05-19,USGS,8184500,1947-05-19,0.0,A
1947-05-20,USGS,8184500,1947-05-20,0.0,A
1947-05-21,USGS,8184500,1947-05-21,0.0,A
1947-05-22,USGS,8184500,1947-05-22,0.0,A
1947-05-23,USGS,8184500,1947-05-23,0.0,A
1947-05-24,USGS,8184500,1947-05-24,0.0,A
1947-05-25,USGS,8184500,1947-05-25,0.0,A
1947-05-26,USGS,8184500,1947-05-26,0.0,A
1947-05-27,USGS,8184500,1947-05-27,0.0,A
1947-05-28,USGS,8184500,1947-05-28,0.0,A
1947-05-29,USGS,8184500,1947-05-29,0.0,A
1947-05-30,USGS,8184500,1947-05-30,0.0,A
1947-05-31,USGS,8184500,1947-05-31,0.0,A
1947-06-01,USGS,8184500,1947-06-01,0.0,A
1947-06-02,USGS,8184500,1947-06-02,0.0,A
1947-06-03,USGS,8184500,1947-06-03,0.0,A
1947-06-04,USGS,8184500,1947-06-04,0.0,A
1947-06-05,USGS,8184500,1947-06-05,0.0,A
1947-06-06,USGS,8184500,1947-06-06,0.0,A
1947-06-07,USGS,8184500,1947-06-07,0.0,A
1947-06-08,USGS,8184500,1947-06-08,0.0,A
1947-06-09,USGS,8184500,1947-06-09,0.0,A
1947-06-10,USGS,8184500,1947-06-10,0.0,A
1947-06-11,USGS,8184500,1947-06-11,0.0,A
1947-06-12,USGS,8184500,1947-06-12,0.0,A
1947-06-13,USGS,8184500,1947-06-13,0.0,A
1947-06-14,USGS,8184500,1947-06-14,0.0,A
1947-06-15,USGS,8184500,1947-06-15,0.0,A
1947-06-16,USGS,8184500,1947-06-16,0.0,A
1947-06-17,USGS,8184500,1947-06-17,0.0,A
1947-06-18,USGS,8184500,1947-06-18,0.0,A
1947-06-19,USGS,8184500,1947-06-19,0.0,A
1947-06-20,USGS,8184500,1947-06-20,0.0,A
1947-06-21,USGS,8184500,1947-06-21,0.0,A
1947-06-22,USGS,8184500,1947-06-22,0.0,A
1947-06-23,USGS,8184500,1947-06-23,0.0,A
1947-06-24,USGS,8184500,1947-06-24,0.0,A
1947-06-25,USGS,8184500,1947-06-25,0.0,A
1947-06-26,USGS,8184500,1947-06-26,0.0,A
1947-06-27,USGS,8184500,1947-06-27,0.0,A
1947-06-28,USGS,8184500,1947-06-28,0.0,A
1947-06-29,USGS,8184500,1947-06-29,0.0,A
1947-06-30,USGS,8184500,1947-06-30,0.0,A
1947-07-01,USGS,8184500,1947-07-01,0.0,A
1947-07-02,USGS,8184500,1947-07-02,0.0,A
1947-07-03,USGS,8184500,1947-07-03,0.0,A
1947-07-04,USGS,8184500,1947-07-04,0.0,A
1947-07-05,USGS,8184500,1947-07-05,0.0,A
1947-07-06,USGS,8184500,1947-07-06,0.0,A
1947-07-07,USGS,8184500,1947-07-07,0.0,A
1947-07-08,USGS,8184500,1947-07-08,0.0,A
1947-07-09,USGS,8184500,1947-07-09,0.0,A
1947-07-10,USGS,8184500,1947-07-10,0.0,A
1947-07-11,USGS,8184500,1947-07-11,0.0,A
1947-07-12,USGS,8184500,1947-07-12,0.0,A
1947-07-13,USGS,8184500,1947-07-13,0.0,A
1947-07-14,USGS,8184500,1947-07-14,0.0,A
1947-07-15,USGS,8184500,1947-07-15,0.0,A
1947-07-16,USGS,8184500,1947-07-16,0.0,A
1947-07-17,USGS,8184500,1947-07-17,0.0,A
1947-07-18,USGS,8184500,1947-07-18,0.0,A
1947-07-19,USGS,8184500,1947-07-19,0.0,A
1947-07-20,USGS,8184500,1947-07-20,0.0,A
1947-07-21,USGS,8184500,1947-07-21,0.0,A
1947-07-22,USGS,8184500,1947-07-22,0.0,A
1947-07-23,USGS,8184500,1947-07-23,0.0,A
1947-07-24,USGS,8184500,1947-07-24,0.0,A
1947-07-25,USGS,8184500,1947-07-25,0.0,A
1947-07-26,USGS,8184500,1947-07-26,0.0,A
1947-07-27,USGS,8184500,1947-07-27,0.0,A
1947-07-28,USGS,8184500,1947-07-28,0.0,A
1947-07-29,USGS,8184500,1947-07-29,0.0,A
1947-07-30,USGS,8184500,1947-07-30,0.0,A
1947-07-31,USGS,8184500,1947-07-31,0.0,A
1947-08-01,USGS,8184500,1947-08-01,0.0,A
1947-08-02,USGS,8184500,1947-08-02,0.0,A
1947-08-03,USGS,8184500,1947-08-03,0.0,A
1947-08-04,USGS,8184500,1947-08-04,0.0,A
1947-08-05,USGS,8184500,1947-08-05,0.0,A
1947-08-06,USGS,8184500,1947-08-06,0.0,A
1947-08-07,USGS,8184500,1947-08-07,0.0,A
1947-08-08,USGS,8184500,1947-08-08,0.0,A
1947-08-09,USGS,8184500,1947-08-09,0.0,A
1947-08-10,USGS,8184500,1947-08-10,0.0,A
1947-08-11,USGS,8184500,1947-08-11,0.0,A
1947-08-12,USGS,8184500,1947-08-12,0.0,A
1947-08-13,USGS,8184500,1947-08-13,0.0,A
1947-08-14,USGS,8184500,1947-08-14,0.0,A
1947-08-15,USGS,8184500,1947-08-15,0.0,A
1947-08-16,USGS,8184500,1947-08-16,0.0,A
1947-08-17,USGS,8184500,1947-08-17,0.0,A
1947-08-18,USGS,8184500,1947-08-18,0.0,A
1947-08-19,USGS,8184500,1947-08-19,0.0,A
1947-08-20,USGS,8184500,1947-08-20,0.0,A
1947-08-21,USGS,8184500,1947-08-21,0.0,A
1947-08-22,USGS,8184500,1947-08-22,0.0,A
1947-08-23,USGS,8184500,1947-08-23,0.0,A
1947-08-24,USGS,8184500,1947-08-24,0.0,A
1947-08-25,USGS,8184500,1947-08-25,0.0,A
1947-08-26,USGS,8184500,1947-08-26,0.0,A
1947-08-27,USGS,8184500,1947-08-27,0.0,A
1947-08-28,USGS,8184500,1947-08-28,0.0,A
1947-08-29,USGS,8184500,1947-08-29,0.0,A
1947-08-30,USGS,8184500,1947-08-30,0.0,A
1947-08-31,USGS,8184500,1947-08-31,0.0,A
1947-09-01,USGS,8184500,1947-09-01,0.0,A
1947-09-02,USGS,8184500,1947-09-02,0.0,A
1947-09-03,USGS,8184500,1947-09-03,0.0,A
1947-09-04,USGS,8184500,1947-09-04,0.0,A
1947-09-05,USGS,8184500,1947-09-05,0.0,A
1947-09-06,USGS,8184500,1947-09-06,0.0,A
1947-09-07,USGS,8184500,1947-09-07,0.0,A
1947-09-08,USGS,8184500,1947-09-08,0.0,A
1947-09-09,USGS,8184500,1947-09-09,0.0,A
1947-09-10,USGS,8184500,1947-09-10,0.0,A
1947-09-11,USGS,8184500,1947-09-11,0.0,A
1947-09-12,USGS,8184500,1947-09-12,0.0,A
1947-09-13,USGS,8184500,1947-09-13,0.0,A
1947-09-14,USGS,8184500,1947-09-14,0.0,A
1947-09-15,USGS,8184500,1947-09-15,0.0,A
1947-09-16,USGS,8184500,1947-09-16,0.0,A
1947-09-17,USGS,8184500,1947-09-17,0.0,A
1947-09-18,USGS,8184500,1947-09-18,0.0,A
1947-09-19,USGS,8184500,1947-09-19,0.0,A
1947-09-20,USGS,8184500,1947-09-20,0.0,A
1947-09-21,USGS,8184500,1947-09-21,0.0,A
1947-09-22,USGS,8184500,1947-09-22,0.0,A
1947-09-23,USGS,8184500,1947-09-23,0.0,A
1947-09-24,USGS,8184500,1947-09-24,0.0,A
1947-09-25,USGS,8184500,1947-09-25,0.0,A
1947-09-26,USGS,8184500,1947-09-26,0.0,A
1947-09-27,USGS,8184500,1947-09-27,0.0,A
1947-09-28,USGS,8184500,1947-09-28,0.0,A
1947-09-29,USGS,8184500,1947-09-29,0.0,A
1947-09-30,USGS,8184500,1947-09-30,0.0,A
1947-10-01,USGS,8184500,1947-10-01,0.0,A
1947-10-02,USGS,8184500,1947-10-02,0.0,A
1947-10-03,USGS,8184500,1947-10-03,0.0,A
1947-10-04,USGS,8184500,1947-10-04,0.0,A
1947-10-05,USGS,8184500,1947-10-05,0.0,A
1947-10-06,USGS,8184500,1947-10-06,0.0,A
1947-10-07,USGS,8184500,1947-10-07,0.0,A
1947-10-08,USGS,8184500,1947-10-08,0.0,A
1947-10-09,USGS,8184500,1947-10-09,0.0,A
1947-10-10,USGS,8184500,1947-10-10,0.0,A
1947-10-11,USGS,8184500,1947-10-11,0.0,A
1947-10-12,USGS,8184500,1947-10-12,0.0,A
1947-10-13,USGS,8184500,1947-10-13,0.0,A
1947-10-14,USGS,8184500,1947-10-14,0.0,A
1947-10-15,USGS,8184500,1947-10-15,0.0,A
1947-10-16,USGS,8184500,1947-10-16,0.0,A
1947-10-17,USGS,8184500,1947-10-17,0.0,A
1947-10-18,USGS,8184500,1947-10-18,0.0,A
1947-10-19,USGS,8184500,1947-10-19,0.0,A
1947-10-20,USGS,8184500,1947-10-20,0.0,A
1947-10-21,USGS,8184500,1947-10-21,0.0,A
1947-10-22,USGS,8184500,1947-10-22,0.0,A
1947-10-23,USGS,8184500,1947-10-23,0.0,A
1947-10-24,USGS,8184500,1947-10-24,0.0,A
1947-10-25,USGS,8184500,1947-10-25,0.0,A
1947-10-26,USGS,8184500,1947-10-26,0.0,A
1947-10-27,USGS,8184500,1947-10-27,0.0,A
1947-10-28,USGS,8184500,1947-10-28,0.0,A
1947-10-29,USGS,8184500,1947-10-29,0.0,A
1947-10-30,USGS,8184500,1947-10-30,0.0,A
1947-10-31,USGS,8184500,1947-10-31,0.0,A
1947-11-01,USGS,8184500,1947-11-01,0.0,A
1947-11-02,USGS,8184500,1947-11-02,0.0,A
1947-11-03,USGS,8184500,1947-11-03,0.0,A
1947-11-04,USGS,8184500,1947-11-04,0.0,A
1947-11-05,USGS,8184500,1947-11-05,0.0,A
1947-11-06,USGS,8184500,1947-11-06,0.0,A
1947-11-07,USGS,8184500,1947-11-07,0.0,A
1947-11-08,USGS,8184500,1947-11-08,0.0,A
1947-11-09,USGS,8184500,1947-11-09,0.0,A
1947-11-10,USGS,8184500,1947-11-10,0.0,A
1947-11-11,USGS,8184500,1947-11-11,0.0,A
1947-11-12,USGS,8184500,1947-11-12,0.0,A
1947-11-13,USGS,8184500,1947-11-13,0.0,A
1947-11-14,USGS,8184500,1947-11-14,0.0,A
1947-11-15,USGS,8184500,1947-11-15,0.0,A
1947-11-16,USGS,8184500,1947-11-16,0.0,A
1947-11-17,USGS,8184500,1947-11-17,0.0,A
1947-11-18,USGS,8184500,1947-11-18,0.0,A
1947-11-19,USGS,8184500,1947-11-19,0.0,A
1947-11-20,USGS,8184500,1947-11-20,0.0,A
1947-11-21,USGS,8184500,1947-11-21,0.0,A
1947-11-22,USGS,8184500,1947-11-22,0.0,A
1947-11-23,USGS,8184500,1947-11-23,0.0,A
1947-11-24,USGS,8184500,1947-11-24,0.0,A
1947-11-25,USGS,8184500,1947-11-25,0.0,A
1947-11-26,USGS,8184500,1947-11-26,0.0,A
1947-11-27,USGS,8184500,1947-11-27,0.0,A
1947-11-28,USGS,8184500,1947-11-28,0.0,A
1947-11-29,USGS,8184500,1947-11-29,0.0,A
1947-11-30,USGS,8184500,1947-11-30,0.0,A
1947-12-01,USGS,8184500,1947-12-01,0.0,A
1947-12-02,USGS,8184500,1947-12-02,0.0,A
1947-12-03,USGS,8184500,1947-12-03,0.0,A
1947-12-04,USGS,8184500,1947-12-04,0.0,A
1947-12-05,USGS,8184500,1947-12-05,0.0,A
1947-12-06,USGS,8184500,1947-12-06,0.0,A
1947-12-07,USGS,8184500,1947-12-07,0.0,A
1947-12-08,USGS,8184500,1947-12-08,0.0,A
1947-12-09,USGS,8184500,1947-12-09,0.0,A
1947-12-10,USGS,8184500,1947-12-10,0.0,A
1947-12-11,USGS,8184500,1947-12-11,0.0,A
1947-12-12,USGS,8184500,1947-12-12,0.0,A
1947-12-13,USGS,8184500,1947-12-13,0.0,A
1947-12-14,USGS,8184500,1947-12-14,0.0,A
1947-12-15,USGS,8184500,1947-12-15,0.0,A
1947-12-16,USGS,8184500,1947-12-16,0.0,A
1947-12-17,USGS,8184500,1947-12-17,0.0,A
1947-12-18,USGS,8184500,1947-12-18,0.0,A
1947-12-19,USGS,8184500,1947-12-19,0.0,A
1947-12-20,USGS,8184500,1947-12-20,0.0,A
1947-12-21,USGS,8184500,1947-12-21,0.0,A
1947-12-22,USGS,8184500,1947-12-22,0.0,A
1947-12-23,USGS,8184500,1947-12-23,0.0,A
1947-12-24,USGS,8184500,1947-12-24,0.0,A
1947-12-25,USGS,8184500,1947-12-25,0.0,A
1947-12-26,USGS,8184500,1947-12-26,0.0,A
1947-12-27,USGS,8184500,1947-12-27,0.0,A
1947-12-28,USGS,8184500,1947-12-28,0.0,A
1947-12-29,USGS,8184500,1947-12-29,0.0,A
1947-12-30,USGS,8184500,1947-12-30,0.0,A
1947-12-31,USGS,8184500,1947-12-31,0.0,A
1948-01-01,USGS,8184500,1948-01-01,0.0,A
1948-01-02,USGS,8184500,1948-01-02,0.0,A
1948-01-03,USGS,8184500,1948-01-03,0.0,A
1948-01-04,USGS,8184500,1948-01-04,0.0,A
1948-01-05,USGS,8184500,1948-01-05,0.0,A
1948-01-06,USGS,8184500,1948-01-06,0.0,A
1948-01-07,USGS,8184500,1948-01-07,0.0,A
1948-01-08,USGS,8184500,1948-01-08,0.0,A
1948-01-09,USGS,8184500,1948-01-09,0.0,A
1948-01-10,USGS,8184500,1948-01-10,0.0,A
1948-01-11,USGS,8184500,1948-01-11,0.0,A
1948-01-12,USGS,8184500,1948-01-12,0.0,A
1948-01-13,USGS,8184500,1948-01-13,0.0,A
1948-01-14,USGS,8184500,1948-01-14,0.0,A
1948-01-15,USGS,8184500,1948-01-15,0.0,A
1948-01-16,USGS,8184500,1948-01-16,0.0,A
1948-01-17,USGS,8184500,1948-01-17,0.0,A
1948-01-18,USGS,8184500,1948-01-18,0.0,A
1948-01-19,USGS,8184500,1948-01-19,0.0,A
1948-01-20,USGS,8184500,1948-01-20,0.0,A
1948-01-21,USGS,8184500,1948-01-21,0.0,A
1948-01-22,USGS,8184500,1948-01-22,0.0,A
1948-01-23,USGS,8184500,1948-01-23,0.0,A
1948-01-24,USGS,8184500,1948-01-24,0.0,A
1948-01-25,USGS,8184500,1948-01-25,0.0,A
1948-01-26,USGS,8184500,1948-01-26,0.0,A
1948-01-27,USGS,8184500,1948-01-27,0.0,A
1948-01-28,USGS,8184500,1948-01-28,0.0,A
1948-01-29,USGS,8184500,1948-01-29,0.0,A
1948-01-30,USGS,8184500,1948-01-30,0.0,A
1948-01-31,USGS,8184500,1948-01-31,0.0,A
1948-02-01,USGS,8184500,1948-02-01,0.0,A
1948-02-02,USGS,8184500,1948-02-02,0.0,A
1948-02-03,USGS,8184500,1948-02-03,0.0,A
1948-02-04,USGS,8184500,1948-02-04,0.0,A
1948-02-05,USGS,8184500,1948-02-05,0.0,A
1948-02-06,USGS,8184500,1948-02-06,0.0,A
1948-02-07,USGS,8184500,1948-02-07,0.0,A
1948-02-08,USGS,8184500,1948-02-08,0.0,A
1948-02-09,USGS,8184500,1948-02-09,0.0,A
1948-02-10,USGS,8184500,1948-02-10,0.0,A
1948-02-11,USGS,8184500,1948-02-11,0.0,A
1948-02-12,USGS,8184500,1948-02-12,0.0,A
1948-02-13,USGS,8184500,1948-02-13,0.0,A
1948-02-14,USGS,8184500,1948-02-14,0.0,A
1948-02-15,USGS,8184500,1948-02-15,0.0,A
1948-02-16,USGS,8184500,1948-02-16,0.0,A
1948-02-17,USGS,8184500,1948-02-17,0.0,A
1948-02-18,USGS,8184500,1948-02-18,0.0,A
1948-02-19,USGS,8184500,1948-02-19,0.0,A
1948-02-20,USGS,8184500,1948-02-20,0.0,A
1948-02-21,USGS,8184500,1948-02-21,0.0,A
1948-02-22,USGS,8184500,1948-02-22,0.0,A
1948-02-23,USGS,8184500,1948-02-23,0.0,A
1948-02-24,USGS,8184500,1948-02-24,0.0,A
1948-02-25,USGS,8184500,1948-02-25,0.0,A
1948-02-26,USGS,8184500,1948-02-26,0.0,A
1948-02-27,USGS,8184500,1948-02-27,0.0,A
1948-02-28,USGS,8184500,1948-02-28,0.0,A
1948-02-29,USGS,8184500,1948-02-29,0.0,A
1948-03-01,USGS,8184500,1948-03-01,0.0,A
1948-03-02,USGS,8184500,1948-03-02,0.0,A
1948-03-03,USGS,8184500,1948-03-03,0.0,A
1948-03-04,USGS,8184500,1948-03-04,0.0,A
1948-03-05,USGS,8184500,1948-03-05,0.0,A
1948-03-06,USGS,8184500,1948-03-06,0.0,A
1948-03-07,USGS,8184500,1948-03-07,0.0,A
1948-03-08,USGS,8184500,1948-03-08,0.0,A
1948-03-09,USGS,8184500,1948-03-09,0.0,A
1948-03-10,USGS,8184500,1948-03-10,0.0,A
1948-03-11,USGS,8184500,1948-03-11,0.0,A
1948-03-12,USGS,8184500,1948-03-12,0.0,A
1948-03-13,USGS,8184500,1948-03-13,0.0,A
1948-03-14,USGS,8184500,1948-03-14,0.0,A
1948-03-15,USGS,8184500,1948-03-15,0.0,A
1948-03-16,USGS,8184500,1948-03-16,0.0,A
1948-03-17,USGS,8184500,1948-03-17,0.0,A
1948-03-18,USGS,8184500,1948-03-18,0.0,A
1948-03-19,USGS,8184500,1948-03-19,0.0,A
1948-03-20,USGS,8184500,1948-03-20,0.0,A
1948-03-21,USGS,8184500,1948-03-21,0.0,A
1948-03-22,USGS,8184500,1948-03-22,0.0,A
1948-03-23,USGS,8184500,1948-03-23,0.0,A
1948-03-24,USGS,8184500,1948-03-24,0.0,A
1948-03-25,USGS,8184500,1948-03-25,0.0,A
1948-03-26,USGS,8184500,1948-03-26,0.0,A
1948-03-27,USGS,8184500,1948-03-27,0.0,A
1948-03-28,USGS,8184500,1948-03-28,0.0,A
1948-03-29,USGS,8184500,1948-03-29,0.0,A
1948-03-30,USGS,8184500,1948-03-30,0.0,A
1948-03-31,USGS,8184500,1948-03-31,0.0,A
1948-04-01,USGS,8184500,1948-04-01,0.0,A
1948-04-02,USGS,8184500,1948-04-02,0.0,A
1948-04-03,USGS,8184500,1948-04-03,0.0,A
1948-04-04,USGS,8184500,1948-04-04,0.0,A
1948-04-05,USGS,8184500,1948-04-05,0.0,A
1948-04-06,USGS,8184500,1948-04-06,0.0,A
1948-04-07,USGS,8184500,1948-04-07,0.0,A
1948-04-08,USGS,8184500,1948-04-08,0.0,A
1948-04-09,USGS,8184500,1948-04-09,0.0,A
1948-04-10,USGS,8184500,1948-04-10,0.0,A
1948-04-11,USGS,8184500,1948-04-11,0.0,A
1948-04-12,USGS,8184500,1948-04-12,0.0,A
1948-04-13,USGS,8184500,1948-04-13,0.0,A
1948-04-14,USGS,8184500,1948-04-14,0.0,A
1948-04-15,USGS,8184500,1948-04-15,0.0,A
1948-04-16,USGS,8184500,1948-04-16,0.0,A
1948-04-17,USGS,8184500,1948-04-17,0.0,A
1948-04-18,USGS,8184500,1948-04-18,0.0,A
1948-04-19,USGS,8184500,1948-04-19,0.0,A
1948-04-20,USGS,8184500,1948-04-20,0.0,A
1948-04-21,USGS,8184500,1948-04-21,0.0,A
1948-04-22,USGS,8184500,1948-04-22,0.0,A
1948-04-23,USGS,8184500,1948-04-23,0.0,A
1948-04-24,USGS,8184500,1948-04-24,0.0,A
1948-04-25,USGS,8184500,1948-04-25,0.0,A
1948-04-26,USGS,8184500,1948-04-26,0.0,A
1948-04-27,USGS,8184500,1948-04-27,0.0,A
1948-04-28,USGS,8184500,1948-04-28,0.0,A
1948-04-29,USGS,8184500,1948-04-29,0.0,A
1948-04-30,USGS,8184500,1948-04-30,0.0,A
1948-05-01,USGS,8184500,1948-05-01,0.0,A
1948-05-02,USGS,8184500,1948-05-02,0.0,A
1948-05-03,USGS,8184500,1948-05-03,0.0,A
1948-05-04,USGS,8184500,1948-05-04,0.0,A
1948-05-05,USGS,8184500,1948-05-05,0.0,A
1948-05-06,USGS,8184500,1948-05-06,0.0,A
1948-05-07,USGS,8184500,1948-05-07,0.0,A
1948-05-08,USGS,8184500,1948-05-08,0.0,A
1948-05-09,USGS,8184500,1948-05-09,0.0,A
1948-05-10,USGS,8184500,1948-05-10,0.0,A
1948-05-11,USGS,8184500,1948-05-11,75.0,A
1948-05-12,USGS,8184500,1948-05-12,8.4,A
1948-05-13,USGS,8184500,1948-05-13,0.0,A
1948-05-14,USGS,8184500,1948-05-14,0.0,A
1948-05-15,USGS,8184500,1948-05-15,0.0,A
1948-05-16,USGS,8184500,1948-05-16,0.0,A
1948-05-17,USGS,8184500,1948-05-17,0.0,A
1948-05-18,USGS,8184500,1948-05-18,0.0,A
1948-05-19,USGS,8184500,1948-05-19,0.0,A
1948-05-20,USGS,8184500,1948-05-20,0.0,A
1948-05-21,USGS,8184500,1948-05-21,0.0,A
1948-05-22,USGS,8184500,1948-05-22,0.0,A
1948-05-23,USGS,8184500,1948-05-23,0.0,A
1948-05-24,USGS,8184500,1948-05-24,0.0,A
1948-05-25,USGS,8184500,1948-05-25,0.0,A
1948-05-26,USGS,8184500,1948-05-26,0.0,A
1948-05-27,USGS,8184500,1948-05-27,0.0,A
1948-05-28,USGS,8184500,1948-05-28,0.0,A
1948-05-29,USGS,8184500,1948-05-29,0.0,A
1948-05-30,USGS,8184500,1948-05-30,0.0,A
1948-05-31,USGS,8184500,1948-05-31,0.0,A
1948-06-01,USGS,8184500,1948-06-01,0.0,A
1948-06-02,USGS,8184500,1948-06-02,0.0,A
1948-06-03,USGS,8184500,1948-06-03,0.0,A
1948-06-04,USGS,8184500,1948-06-04,0.0,A
1948-06-05,USGS,8184500,1948-06-05,0.0,A
1948-06-06,USGS,8184500,1948-06-06,0.0,A
1948-06-07,USGS,8184500,1948-06-07,0.0,A
1948-06-08,USGS,8184500,1948-06-08,0.0,A
1948-06-09,USGS,8184500,1948-06-09,0.0,A
1948-06-10,USGS,8184500,1948-06-10,0.0,A
1948-06-11,USGS,8184500,1948-06-11,0.0,A
1948-06-12,USGS,8184500,1948-06-12,0.0,A
1948-06-13,USGS,8184500,1948-06-13,0.0,A
1948-06-14,USGS,8184500,1948-06-14,0.0,A
1948-06-15,USGS,8184500,1948-06-15,0.0,A
1948-06-16,USGS,8184500,1948-06-16,0.0,A
1948-06-17,USGS,8184500,1948-06-17,0.0,A
1948-06-18,USGS,8184500,1948-06-18,0.0,A
1948-06-19,USGS,8184500,1948-06-19,0.0,A
1948-06-20,USGS,8184500,1948-06-20,0.0,A
1948-06-21,USGS,8184500,1948-06-21,0.0,A
1948-06-22,USGS,8184500,1948-06-22,0.0,A
1948-06-23,USGS,8184500,1948-06-23,0.0,A
1948-06-24,USGS,8184500,1948-06-24,0.0,A
1948-06-25,USGS,8184500,1948-06-25,0.0,A
1948-06-26,USGS,8184500,1948-06-26,0.0,A
1948-06-27,USGS,8184500,1948-06-27,0.0,A
1948-06-28,USGS,8184500,1948-06-28,0.0,A
1948-06-29,USGS,8184500,1948-06-29,0.0,A
1948-06-30,USGS,8184500,1948-06-30,0.0,A
1948-07-01,USGS,8184500,1948-07-01,0.0,A
1948-07-02,USGS,8184500,1948-07-02,0.0,A
1948-07-03,USGS,8184500,1948-07-03,0.0,A
1948-07-04,USGS,8184500,1948-07-04,0.0,A
1948-07-05,USGS,8184500,1948-07-05,0.0,A
1948-07-06,USGS,8184500,1948-07-06,0.0,A
1948-07-07,USGS,8184500,1948-07-07,0.0,A
1948-07-08,USGS,8184500,1948-07-08,0.0,A
1948-07-09,USGS,8184500,1948-07-09,0.0,A
1948-07-10,USGS,8184500,1948-07-10,0.0,A
1948-07-11,USGS,8184500,1948-07-11,0.0,A
1948-07-12,USGS,8184500,1948-07-12,0.0,A
1948-07-13,USGS,8184500,1948-07-13,0.0,A
1948-07-14,USGS,8184500,1948-07-14,0.0,A
1948-07-15,USGS,8184500,1948-07-15,0.0,A
1948-07-16,USGS,8184500,1948-07-16,0.0,A
1948-07-17,USGS,8184500,1948-07-17,0.0,A
1948-07-18,USGS,8184500,1948-07-18,0.0,A
1948-07-19,USGS,8184500,1948-07-19,0.0,A
1948-07-20,USGS,8184500,1948-07-20,0.0,A
1948-07-21,USGS,8184500,1948-07-21,0.0,A
1948-07-22,USGS,8184500,1948-07-22,0.0,A
1948-07-23,USGS,8184500,1948-07-23,0.0,A
1948-07-24,USGS,8184500,1948-07-24,0.0,A
1948-07-25,USGS,8184500,1948-07-25,0.0,A
1948-07-26,USGS,8184500,1948-07-26,0.0,A
1948-07-27,USGS,8184500,1948-07-27,0.0,A
1948-07-28,USGS,8184500,1948-07-28,0.0,A
1948-07-29,USGS,8184500,1948-07-29,0.0,A
1948-07-30,USGS,8184500,1948-07-30,0.0,A
1948-07-31,USGS,8184500,1948-07-31,0.0,A
1948-08-01,USGS,8184500,1948-08-01,0.0,A
1948-08-02,USGS,8184500,1948-08-02,0.0,A
1948-08-03,USGS,8184500,1948-08-03,0.0,A
1948-08-04,USGS,8184500,1948-08-04,0.0,A
1948-08-05,USGS,8184500,1948-08-05,0.0,A
1948-08-06,USGS,8184500,1948-08-06,0.0,A
1948-08-07,USGS,8184500,1948-08-07,0.0,A
1948-08-08,USGS,8184500,1948-08-08,0.0,A
1948-08-09,USGS,8184500,1948-08-09,0.0,A
1948-08-10,USGS,8184500,1948-08-10,0.0,A
1948-08-11,USGS,8184500,1948-08-11,0.0,A
1948-08-12,USGS,8184500,1948-08-12,0.0,A
1948-08-13,USGS,8184500,1948-08-13,0.0,A
1948-08-14,USGS,8184500,1948-08-14,0.0,A
1948-08-15,USGS,8184500,1948-08-15,0.0,A
1948-08-16,USGS,8184500,1948-08-16,0.0,A
1948-08-17,USGS,8184500,1948-08-17,0.0,A
1948-08-18,USGS,8184500,1948-08-18,0.0,A
1948-08-19,USGS,8184500,1948-08-19,0.0,A
1948-08-20,USGS,8184500,1948-08-20,0.0,A
1948-08-21,USGS,8184500,1948-08-21,0.0,A
1948-08-22,USGS,8184500,1948-08-22,0.0,A
1948-08-23,USGS,8184500,1948-08-23,0.0,A
1948-08-24,USGS,8184500,1948-08-24,0.0,A
1948-08-25,USGS,8184500,1948-08-25,0.0,A
1948-08-26,USGS,8184500,1948-08-26,0.0,A
1948-08-27,USGS,8184500,1948-08-27,0.0,A
1948-08-28,USGS,8184500,1948-08-28,0.0,A
1948-08-29,USGS,8184500,1948-08-29,0.0,A
1948-08-30,USGS,8184500,1948-08-30,0.0,A
1948-08-31,USGS,8184500,1948-08-31,0.0,A
1948-09-01,USGS,8184500,1948-09-01,0.0,A
1948-09-02,USGS,8184500,1948-09-02,0.0,A
1948-09-03,USGS,8184500,1948-09-03,0.0,A
1948-09-04,USGS,8184500,1948-09-04,0.0,A
1948-09-05,USGS,8184500,1948-09-05,0.0,A
1948-09-06,USGS,8184500,1948-09-06,0.0,A
1948-09-07,USGS,8184500,1948-09-07,0.0,A
1948-09-08,USGS,8184500,1948-09-08,0.0,A
1948-09-09,USGS,8184500,1948-09-09,0.0,A
1948-09-10,USGS,8184500,1948-09-10,0.0,A
1948-09-11,USGS,8184500,1948-09-11,0.0,A
1948-09-12,USGS,8184500,1948-09-12,0.0,A
1948-09-13,USGS,8184500,1948-09-13,0.0,A
1948-09-14,USGS,8184500,1948-09-14,0.0,A
1948-09-15,USGS,8184500,1948-09-15,0.0,A
1948-09-16,USGS,8184500,1948-09-16,0.0,A
1948-09-17,USGS,8184500,1948-09-17,0.0,A
1948-09-18,USGS,8184500,1948-09-18,0.0,A
1948-09-19,USGS,8184500,1948-09-19,0.0,A
1948-09-20,USGS,8184500,1948-09-20,0.0,A
1948-09-21,USGS,8184500,1948-09-21,0.0,A
1948-09-22,USGS,8184500,1948-09-22,0.0,A
1948-09-23,USGS,8184500,1948-09-23,0.0,A
1948-09-24,USGS,8184500,1948-09-24,0.0,A
1948-09-25,USGS,8184500,1948-09-25,0.0,A
1948-09-26,USGS,8184500,1948-09-26,0.0,A
1948-09-27,USGS,8184500,1948-09-27,0.0,A
1948-09-28,USGS,8184500,1948-09-28,0.0,A
1948-09-29,USGS,8184500,1948-09-29,0.0,A
1948-09-30,USGS,8184500,1948-09-30,0.0,A
1948-10-01,USGS,8184500,1948-10-01,0.0,A
1948-10-02,USGS,8184500,1948-10-02,0.0,A
1948-10-03,USGS,8184500,1948-10-03,0.0,A
1948-10-04,USGS,8184500,1948-10-04,0.0,A
1948-10-05,USGS,8184500,1948-10-05,0.0,A
1948-10-06,USGS,8184500,1948-10-06,0.0,A
1948-10-07,USGS,8184500,1948-10-07,0.0,A
1948-10-08,USGS,8184500,1948-10-08,0.0,A
1948-10-09,USGS,8184500,1948-10-09,0.0,A
1948-10-10,USGS,8184500,1948-10-10,0.0,A
1948-10-11,USGS,8184500,1948-10-11,0.0,A
1948-10-12,USGS,8184500,1948-10-12,0.0,A
1948-10-13,USGS,8184500,1948-10-13,0.0,A
1948-10-14,USGS,8184500,1948-10-14,0.0,A
1948-10-15,USGS,8184500,1948-10-15,0.0,A
1948-10-16,USGS,8184500,1948-10-16,0.0,A
1948-10-17,USGS,8184500,1948-10-17,0.0,A
1948-10-18,USGS,8184500,1948-10-18,0.0,A
1948-10-19,USGS,8184500,1948-10-19,0.0,A
1948-10-20,USGS,8184500,1948-10-20,0.0,A
1948-10-21,USGS,8184500,1948-10-21,0.0,A
1948-10-22,USGS,8184500,1948-10-22,0.0,A
1948-10-23,USGS,8184500,1948-10-23,0.0,A
1948-10-24,USGS,8184500,1948-10-24,0.0,A
1948-10-25,USGS,8184500,1948-10-25,0.0,A
1948-10-26,USGS,8184500,1948-10-26,0.0,A
1948-10-27,USGS,8184500,1948-10-27,0.0,A
1948-10-28,USGS,8184500,1948-10-28,0.0,A
1948-10-29,USGS,8184500,1948-10-29,0.0,A
1948-10-30,USGS,8184500,1948-10-30,0.0,A
1948-10-31,USGS,8184500,1948-10-31,0.0,A
1948-11-01,USGS,8184500,1948-11-01,0.0,A
1948-11-02,USGS,8184500,1948-11-02,0.0,A
1948-11-03,USGS,8184500,1948-11-03,0.0,A
1948-11-04,USGS,8184500,1948-11-04,0.0,A
1948-11-05,USGS,8184500,1948-11-05,0.0,A
1948-11-06,USGS,8184500,1948-11-06,0.0,A
1948-11-07,USGS,8184500,1948-11-07,0.0,A
1948-11-08,USGS,8184500,1948-11-08,0.0,A
1948-11-09,USGS,8184500,1948-11-09,0.0,A
1948-11-10,USGS,8184500,1948-11-10,0.0,A
1948-11-11,USGS,8184500,1948-11-11,0.0,A
1948-11-12,USGS,8184500,1948-11-12,0.0,A
1948-11-13,USGS,8184500,1948-11-13,0.0,A
1948-11-14,USGS,8184500,1948-11-14,0.0,A
1948-11-15,USGS,8184500,1948-11-15,0.0,A
1948-11-16,USGS,8184500,1948-11-16,0.0,A
1948-11-17,USGS,8184500,1948-11-17,0.0,A
1948-11-18,USGS,8184500,1948-11-18,0.0,A
1948-11-19,USGS,8184500,1948-11-19,0.0,A
1948-11-20,USGS,8184500,1948-11-20,0.0,A
1948-11-21,USGS,8184500,1948-11-21,0.0,A
1948-11-22,USGS,8184500,1948-11-22,0.0,A
1948-11-23,USGS,8184500,1948-11-23,0.0,A
1948-11-24,USGS,8184500,1948-11-24,0.0,A
1948-11-25,USGS,8184500,1948-11-25,0.0,A
1948-11-26,USGS,8184500,1948-11-26,0.0,A
1948-11-27,USGS,8184500,1948-11-27,0.0,A
1948-11-28,USGS,8184500,1948-11-28,0.0,A
1948-11-29,USGS,8184500,1948-11-29,0.0,A
1948-11-30,USGS,8184500,1948-11-30,0.0,A
1948-12-01,USGS,8184500,1948-12-01,0.0,A
1948-12-02,USGS,8184500,1948-12-02,0.0,A
1948-12-03,USGS,8184500,1948-12-03,0.0,A
1948-12-04,USGS,8184500,1948-12-04,0.0,A
1948-12-05,USGS,8184500,1948-12-05,0.0,A
1948-12-06,USGS,8184500,1948-12-06,0.0,A
1948-12-07,USGS,8184500,1948-12-07,0.0,A
1948-12-08,USGS,8184500,1948-12-08,0.0,A
1948-12-09,USGS,8184500,1948-12-09,0.0,A
1948-12-10,USGS,8184500,1948-12-10,0.0,A
1948-12-11,USGS,8184500,1948-12-11,0.0,A
1948-12-12,USGS,8184500,1948-12-12,0.0,A
1948-12-13,USGS,8184500,1948-12-13,0.0,A
1948-12-14,USGS,8184500,1948-12-14,0.0,A
1948-12-15,USGS,8184500,1948-12-15,0.0,A
1948-12-16,USGS,8184500,1948-12-16,0.0,A
1948-12-17,USGS,8184500,1948-12-17,0.0,A
1948-12-18,USGS,8184500,1948-12-18,0.0,A
1948-12-19,USGS,8184500,1948-12-19,0.0,A
1948-12-20,USGS,8184500,1948-12-20,0.0,A
1948-12-21,USGS,8184500,1948-12-21,0.0,A
1948-12-22,USGS,8184500,1948-12-22,0.0,A
1948-12-23,USGS,8184500,1948-12-23,0.0,A
1948-12-24,USGS,8184500,1948-12-24,0.0,A
1948-12-25,USGS,8184500,1948-12-25,0.0,A
1948-12-26,USGS,8184500,1948-12-26,0.0,A
1948-12-27,USGS,8184500,1948-12-27,0.0,A
1948-12-28,USGS,8184500,1948-12-28,0.0,A
1948-12-29,USGS,8184500,1948-12-29,0.0,A
1948-12-30,USGS,8184500,1948-12-30,0.0,A
1948-12-31,USGS,8184500,1948-12-31,0.0,A
1949-01-01,USGS,8184500,1949-01-01,0.0,A
1949-01-02,USGS,8184500,1949-01-02,0.0,A
1949-01-03,USGS,8184500,1949-01-03,0.0,A
1949-01-04,USGS,8184500,1949-01-04,0.0,A
1949-01-05,USGS,8184500,1949-01-05,0.0,A
1949-01-06,USGS,8184500,1949-01-06,0.0,A
1949-01-07,USGS,8184500,1949-01-07,0.0,A
1949-01-08,USGS,8184500,1949-01-08,0.0,A
1949-01-09,USGS,8184500,1949-01-09,0.0,A
1949-01-10,USGS,8184500,1949-01-10,0.0,A
1949-01-11,USGS,8184500,1949-01-11,0.0,A
1949-01-12,USGS,8184500,1949-01-12,0.0,A
1949-01-13,USGS,8184500,1949-01-13,0.0,A
1949-01-14,USGS,8184500,1949-01-14,0.0,A
1949-01-15,USGS,8184500,1949-01-15,0.0,A
1949-01-16,USGS,8184500,1949-01-16,0.0,A
1949-01-17,USGS,8184500,1949-01-17,0.0,A
1949-01-18,USGS,8184500,1949-01-18,0.0,A
1949-01-19,USGS,8184500,1949-01-19,0.0,A
1949-01-20,USGS,8184500,1949-01-20,0.0,A
1949-01-21,USGS,8184500,1949-01-21,0.0,A
1949-01-22,USGS,8184500,1949-01-22,0.0,A
1949-01-23,USGS,8184500,1949-01-23,0.0,A
1949-01-24,USGS,8184500,1949-01-24,0.0,A
1949-01-25,USGS,8184500,1949-01-25,0.0,A
1949-01-26,USGS,8184500,1949-01-26,0.0,A
1949-01-27,USGS,8184500,1949-01-27,0.0,A
1949-01-28,USGS,8184500,1949-01-28,0.0,A
1949-01-29,USGS,8184500,1949-01-29,0.0,A
1949-01-30,USGS,8184500,1949-01-30,0.0,A
1949-01-31,USGS,8184500,1949-01-31,0.0,A
1949-02-01,USGS,8184500,1949-02-01,0.0,A
1949-02-02,USGS,8184500,1949-02-02,0.0,A
1949-02-03,USGS,8184500,1949-02-03,0.0,A
1949-02-04,USGS,8184500,1949-02-04,0.0,A
1949-02-05,USGS,8184500,1949-02-05,0.0,A
1949-02-06,USGS,8184500,1949-02-06,0.0,A
1949-02-07,USGS,8184500,1949-02-07,0.0,A
1949-02-08,USGS,8184500,1949-02-08,0.0,A
1949-02-09,USGS,8184500,1949-02-09,0.0,A
1949-02-10,USGS,8184500,1949-02-10,0.0,A
1949-02-11,USGS,8184500,1949-02-11,0.0,A
1949-02-12,USGS,8184500,1949-02-12,0.0,A
1949-02-13,USGS,8184500,1949-02-13,0.0,A
1949-02-14,USGS,8184500,1949-02-14,0.0,A
1949-02-15,USGS,8184500,1949-02-15,0.0,A
1949-02-16,USGS,8184500,1949-02-16,0.0,A
1949-02-17,USGS,8184500,1949-02-17,0.0,A
1949-02-18,USGS,8184500,1949-02-18,0.0,A
1949-02-19,USGS,8184500,1949-02-19,0.0,A
1949-02-20,USGS,8184500,1949-02-20,0.0,A
1949-02-21,USGS,8184500,1949-02-21,0.0,A
1949-02-22,USGS,8184500,1949-02-22,0.0,A
1949-02-23,USGS,8184500,1949-02-23,0.0,A
1949-02-24,USGS,8184500,1949-02-24,0.0,A
1949-02-25,USGS,8184500,1949-02-25,0.0,A
1949-02-26,USGS,8184500,1949-02-26,0.0,A
1949-02-27,USGS,8184500,1949-02-27,0.0,A
1949-02-28,USGS,8184500,1949-02-28,0.0,A
1949-03-01,USGS,8184500,1949-03-01,0.0,A
1949-03-02,USGS,8184500,1949-03-02,0.0,A
1949-03-03,USGS,8184500,1949-03-03,0.0,A
1949-03-04,USGS,8184500,1949-03-04,0.0,A
1949-03-05,USGS,8184500,1949-03-05,0.0,A
1949-03-06,USGS,8184500,1949-03-06,0.0,A
1949-03-07,USGS,8184500,1949-03-07,0.0,A
1949-03-08,USGS,8184500,1949-03-08,0.0,A
1949-03-09,USGS,8184500,1949-03-09,0.0,A
1949-03-10,USGS,8184500,1949-03-10,0.0,A
1949-03-11,USGS,8184500,1949-03-11,0.0,A
1949-03-12,USGS,8184500,1949-03-12,0.0,A
1949-03-13,USGS,8184500,1949-03-13,0.0,A
1949-03-14,USGS,8184500,1949-03-14,0.0,A
1949-03-15,USGS,8184500,1949-03-15,0.0,A
1949-03-16,USGS,8184500,1949-03-16,0.0,A
1949-03-17,USGS,8184500,1949-03-17,0.0,A
1949-03-18,USGS,8184500,1949-03-18,0.0,A
1949-03-19,USGS,8184500,1949-03-19,0.0,A
1949-03-20,USGS,8184500,1949-03-20,0.0,A
1949-03-21,USGS,8184500,1949-03-21,0.0,A
1949-03-22,USGS,8184500,1949-03-22,0.0,A
1949-03-23,USGS,8184500,1949-03-23,0.0,A
1949-03-24,USGS,8184500,1949-03-24,0.0,A
1949-03-25,USGS,8184500,1949-03-25,0.0,A
1949-03-26,USGS,8184500,1949-03-26,0.0,A
1949-03-27,USGS,8184500,1949-03-27,0.0,A
1949-03-28,USGS,8184500,1949-03-28,0.0,A
1949-03-29,USGS,8184500,1949-03-29,0.0,A
1949-03-30,USGS,8184500,1949-03-30,0.0,A
1949-03-31,USGS,8184500,1949-03-31,0.0,A
1949-05-01,USGS,8184500,1949-05-01,74.0,A
1949-05-02,USGS,8184500,1949-05-02,42.0,A
1949-05-03,USGS,8184500,1949-05-03,22.0,A
1949-05-04,USGS,8184500,1949-05-04,12.0,A
1949-05-05,USGS,8184500,1949-05-05,7.4,A
1949-05-06,USGS,8184500,1949-05-06,5.1,A
1949-05-07,USGS,8184500,1949-05-07,3.6,A
1949-05-08,USGS,8184500,1949-05-08,2.2,A
1949-05-09,USGS,8184500,1949-05-09,1.2,A
1949-05-10,USGS,8184500,1949-05-10,0.2,A
1949-05-11,USGS,8184500,1949-05-11,0.0,A
1949-05-12,USGS,8184500,1949-05-12,0.0,A
1949-05-13,USGS,8184500,1949-05-13,0.0,A
1949-05-14,USGS,8184500,1949-05-14,0.0,A
1949-05-15,USGS,8184500,1949-05-15,0.0,A
1949-05-16,USGS,8184500,1949-05-16,0.0,A
1949-05-17,USGS,8184500,1949-05-17,0.0,A
1949-05-18,USGS,8184500,1949-05-18,0.0,A
1949-05-19,USGS,8184500,1949-05-19,0.0,A
1949-05-20,USGS,8184500,1949-05-20,0.0,A
1949-05-21,USGS,8184500,1949-05-21,0.0,A
1949-05-22,USGS,8184500,1949-05-22,0.0,A
1949-05-23,USGS,8184500,1949-05-23,0.0,A
1949-05-24,USGS,8184500,1949-05-24,0.0,A
1949-05-25,USGS,8184500,1949-05-25,0.0,A
1949-05-26,USGS,8184500,1949-05-26,0.0,A
1949-05-27,USGS,8184500,1949-05-27,0.0,A
1949-05-28,USGS,8184500,1949-05-28,0.0,A
1949-05-29,USGS,8184500,1949-05-29,0.0,A
1949-05-30,USGS,8184500,1949-05-30,0.0,A
1949-05-31,USGS,8184500,1949-05-31,0.0,A
1949-06-01,USGS,8184500,1949-06-01,0.0,A
1949-06-02,USGS,8184500,1949-06-02,0.0,A
1949-06-03,USGS,8184500,1949-06-03,0.0,A
1949-06-04,USGS,8184500,1949-06-04,0.0,A
1949-06-05,USGS,8184500,1949-06-05,0.0,A
1949-06-06,USGS,8184500,1949-06-06,0.0,A
1949-06-07,USGS,8184500,1949-06-07,0.0,A
1949-06-08,USGS,8184500,1949-06-08,0.0,A
1949-06-09,USGS,8184500,1949-06-09,0.0,A
1949-06-10,USGS,8184500,1949-06-10,0.0,A
1949-06-11,USGS,8184500,1949-06-11,0.0,A
1949-06-12,USGS,8184500,1949-06-12,0.0,A
1949-06-13,USGS,8184500,1949-06-13,0.0,A
1949-06-14,USGS,8184500,1949-06-14,0.0,A
1949-06-15,USGS,8184500,1949-06-15,0.0,A
1949-06-16,USGS,8184500,1949-06-16,0.0,A
1949-06-17,USGS,8184500,1949-06-17,0.0,A
1949-06-18,USGS,8184500,1949-06-18,0.0,A
1949-06-19,USGS,8184500,1949-06-19,0.0,A
1949-06-20,USGS,8184500,1949-06-20,0.0,A
1949-06-21,USGS,8184500,1949-06-21,0.0,A
1949-06-22,USGS,8184500,1949-06-22,0.0,A
1949-06-23,USGS,8184500,1949-06-23,0.0,A
1949-06-24,USGS,8184500,1949-06-24,0.0,A
1949-06-25,USGS,8184500,1949-06-25,0.0,A
1949-06-26,USGS,8184500,1949-06-26,0.0,A
1949-06-27,USGS,8184500,1949-06-27,0.0,A
1949-06-28,USGS,8184500,1949-06-28,0.0,A
1949-06-29,USGS,8184500,1949-06-29,0.0,A
1949-06-30,USGS,8184500,1949-06-30,0.0,A
1949-07-01,USGS,8184500,1949-07-01,0.0,A
1949-07-02,USGS,8184500,1949-07-02,0.0,A
1949-07-03,USGS,8184500,1949-07-03,0.0,A
1949-07-04,USGS,8184500,1949-07-04,0.0,A
1949-07-05,USGS,8184500,1949-07-05,0.0,A
1949-07-06,USGS,8184500,1949-07-06,0.0,A
1949-07-07,USGS,8184500,1949-07-07,0.0,A
1949-07-08,USGS,8184500,1949-07-08,0.0,A
1949-07-09,USGS,8184500,1949-07-09,0.0,A
1949-07-10,USGS,8184500,1949-07-10,0.0,A
1949-07-11,USGS,8184500,1949-07-11,0.0,A
1949-07-12,USGS,8184500,1949-07-12,0.0,A
1949-07-13,USGS,8184500,1949-07-13,0.0,A
1949-07-14,USGS,8184500,1949-07-14,0.0,A
1949-07-15,USGS,8184500,1949-07-15,0.0,A
1949-07-16,USGS,8184500,1949-07-16,0.0,A
1949-07-17,USGS,8184500,1949-07-17,0.0,A
1949-07-18,USGS,8184500,1949-07-18,0.0,A
1949-07-19,USGS,8184500,1949-07-19,0.0,A
1949-07-20,USGS,8184500,1949-07-20,0.0,A
1949-07-21,USGS,8184500,1949-07-21,0.0,A
1949-07-22,USGS,8184500,1949-07-22,0.0,A
1949-07-23,USGS,8184500,1949-07-23,0.0,A
1949-07-24,USGS,8184500,1949-07-24,0.0,A
1949-07-25,USGS,8184500,1949-07-25,0.0,A
1949-07-26,USGS,8184500,1949-07-26,0.0,A
1949-07-27,USGS,8184500,1949-07-27,0.0,A
1949-07-28,USGS,8184500,1949-07-28,0.0,A
1949-07-29,USGS,8184500,1949-07-29,0.0,A
1949-07-30,USGS,8184500,1949-07-30,0.0,A
1949-07-31,USGS,8184500,1949-07-31,0.0,A
1949-08-01,USGS,8184500,1949-08-01,0.0,A
1949-08-02,USGS,8184500,1949-08-02,0.0,A
1949-08-03,USGS,8184500,1949-08-03,0.0,A
1949-08-04,USGS,8184500,1949-08-04,0.0,A
1949-08-05,USGS,8184500,1949-08-05,0.0,A
1949-08-06,USGS,8184500,1949-08-06,0.0,A
1949-08-07,USGS,8184500,1949-08-07,0.0,A
1949-08-08,USGS,8184500,1949-08-08,0.0,A
1949-08-09,USGS,8184500,1949-08-09,0.0,A
1949-08-10,USGS,8184500,1949-08-10,0.0,A
1949-08-11,USGS,8184500,1949-08-11,0.0,A
1949-08-12,USGS,8184500,1949-08-12,0.0,A
1949-08-13,USGS,8184500,1949-08-13,0.0,A
1949-08-14,USGS,8184500,1949-08-14,0.0,A
1949-08-15,USGS,8184500,1949-08-15,0.0,A
1949-08-16,USGS,8184500,1949-08-16,0.0,A
1949-08-17,USGS,8184500,1949-08-17,0.0,A
1949-08-18,USGS,8184500,1949-08-18,0.0,A
1949-08-19,USGS,8184500,1949-08-19,0.0,A
1949-08-20,USGS,8184500,1949-08-20,0.0,A
1949-08-21,USGS,8184500,1949-08-21,0.0,A
1949-08-22,USGS,8184500,1949-08-22,0.0,A
1949-08-23,USGS,8184500,1949-08-23,0.0,A
1949-08-24,USGS,8184500,1949-08-24,0.0,A
1949-08-25,USGS,8184500,1949-08-25,0.0,A
1949-08-26,USGS,8184500,1949-08-26,0.0,A
1949-08-27,USGS,8184500,1949-08-27,0.0,A
1949-08-28,USGS,8184500,1949-08-28,0.0,A
1949-08-29,USGS,8184500,1949-08-29,0.0,A
1949-08-30,USGS,8184500,1949-08-30,0.0,A
1949-08-31,USGS,8184500,1949-08-31,0.0,A
1949-09-01,USGS,8184500,1949-09-01,0.0,A
1949-09-02,USGS,8184500,1949-09-02,0.0,A
1949-09-03,USGS,8184500,1949-09-03,0.0,A
1949-09-04,USGS,8184500,1949-09-04,0.0,A
1949-09-05,USGS,8184500,1949-09-05,0.0,A
1949-09-06,USGS,8184500,1949-09-06,0.0,A
1949-09-07,USGS,8184500,1949-09-07,0.0,A
1949-09-08,USGS,8184500,1949-09-08,0.0,A
1949-09-09,USGS,8184500,1949-09-09,0.0,A
1949-09-10,USGS,8184500,1949-09-10,0.0,A
1949-09-11,USGS,8184500,1949-09-11,0.0,A
1949-09-12,USGS,8184500,1949-09-12,0.0,A
1949-09-13,USGS,8184500,1949-09-13,0.0,A
1949-09-14,USGS,8184500,1949-09-14,0.0,A
1949-09-15,USGS,8184500,1949-09-15,0.0,A
1949-09-16,USGS,8184500,1949-09-16,0.0,A
1949-09-17,USGS,8184500,1949-09-17,0.0,A
1949-09-18,USGS,8184500,1949-09-18,0.0,A
1949-09-19,USGS,8184500,1949-09-19,0.0,A
1949-09-20,USGS,8184500,1949-09-20,0.0,A
1949-09-21,USGS,8184500,1949-09-21,0.0,A
1949-09-22,USGS,8184500,1949-09-22,0.0,A
1949-09-23,USGS,8184500,1949-09-23,0.0,A
1949-09-24,USGS,8184500,1949-09-24,0.0,A
1949-09-25,USGS,8184500,1949-09-25,0.0,A
1949-09-26,USGS,8184500,1949-09-26,0.0,A
1949-09-27,USGS,8184500,1949-09-27,0.0,A
1949-09-28,USGS,8184500,1949-09-28,0.0,A
1949-09-29,USGS,8184500,1949-09-29,0.0,A
1949-09-30,USGS,8184500,1949-09-30,0.0,A
1949-10-01,USGS,8184500,1949-10-01,0.0,A
1949-10-02,USGS,8184500,1949-10-02,0.0,A
1949-10-03,USGS,8184500,1949-10-03,0.0,A
1949-10-04,USGS,8184500,1949-10-04,0.0,A
1949-10-05,USGS,8184500,1949-10-05,0.0,A
1949-10-06,USGS,8184500,1949-10-06,0.0,A
1949-10-07,USGS,8184500,1949-10-07,0.0,A
1949-10-08,USGS,8184500,1949-10-08,0.0,A
1949-10-09,USGS,8184500,1949-10-09,0.0,A
1949-10-10,USGS,8184500,1949-10-10,0.0,A
1949-10-11,USGS,8184500,1949-10-11,0.0,A
1949-10-12,USGS,8184500,1949-10-12,0.0,A
1949-10-13,USGS,8184500,1949-10-13,0.0,A
1949-10-14,USGS,8184500,1949-10-14,0.0,A
1949-10-15,USGS,8184500,1949-10-15,0.0,A
1949-10-16,USGS,8184500,1949-10-16,0.0,A
1949-10-17,USGS,8184500,1949-10-17,0.0,A
1949-10-18,USGS,8184500,1949-10-18,0.0,A
1949-10-19,USGS,8184500,1949-10-19,0.0,A
1949-10-20,USGS,8184500,1949-10-20,0.0,A
1949-10-21,USGS,8184500,1949-10-21,0.0,A
1949-10-22,USGS,8184500,1949-10-22,0.0,A
1949-10-23,USGS,8184500,1949-10-23,0.0,A
1949-10-24,USGS,8184500,1949-10-24,1.1,A
1949-10-25,USGS,8184500,1949-10-25,4.0,A
1949-10-26,USGS,8184500,1949-10-26,1.4,A
1949-10-27,USGS,8184500,1949-10-27,0.2,A
1949-10-28,USGS,8184500,1949-10-28,0.0,A
1949-10-29,USGS,8184500,1949-10-29,0.0,A
1949-10-30,USGS,8184500,1949-10-30,0.0,A
1949-10-31,USGS,8184500,1949-10-31,0.0,A
1949-11-01,USGS,8184500,1949-11-01,0.0,A
1949-11-02,USGS,8184500,1949-11-02,0.0,A
1949-11-03,USGS,8184500,1949-11-03,0.0,A
1949-11-04,USGS,8184500,1949-11-04,0.0,A
1949-11-05,USGS,8184500,1949-11-05,0.0,A
1949-11-06,USGS,8184500,1949-11-06,0.0,A
1949-11-07,USGS,8184500,1949-11-07,0.0,A
1949-11-08,USGS,8184500,1949-11-08,0.0,A
1949-11-09,USGS,8184500,1949-11-09,0.0,A
1949-11-10,USGS,8184500,1949-11-10,0.0,A
1949-11-11,USGS,8184500,1949-11-11,0.0,A
1949-11-12,USGS,8184500,1949-11-12,0.0,A
1949-11-13,USGS,8184500,1949-11-13,0.0,A
1949-11-14,USGS,8184500,1949-11-14,0.0,A
1949-11-15,USGS,8184500,1949-11-15,0.0,A
1949-11-16,USGS,8184500,1949-11-16,0.0,A
1949-11-17,USGS,8184500,1949-11-17,0.0,A
1949-11-18,USGS,8184500,1949-11-18,0.0,A
1949-11-19,USGS,8184500,1949-11-19,0.0,A
1949-11-20,USGS,8184500,1949-11-20,0.0,A
1949-11-21,USGS,8184500,1949-11-21,0.0,A
1949-11-22,USGS,8184500,1949-11-22,0.0,A
1949-11-23,USGS,8184500,1949-11-23,0.0,A
1949-11-24,USGS,8184500,1949-11-24,0.0,A
1949-11-25,USGS,8184500,1949-11-25,0.0,A
1949-11-26,USGS,8184500,1949-11-26,0.0,A
1949-11-27,USGS,8184500,1949-11-27,0.0,A
1949-11-28,USGS,8184500,1949-11-28,0.0,A
1949-11-29,USGS,8184500,1949-11-29,0.0,A
1949-11-30,USGS,8184500,1949-11-30,0.0,A
1949-12-01,USGS,8184500,1949-12-01,0.0,A
1949-12-02,USGS,8184500,1949-12-02,0.0,A
1949-12-03,USGS,8184500,1949-12-03,0.0,A
1949-12-04,USGS,8184500,1949-12-04,0.0,A
1949-12-05,USGS,8184500,1949-12-05,0.0,A
1949-12-06,USGS,8184500,1949-12-06,0.0,A
1949-12-07,USGS,8184500,1949-12-07,0.0,A
1949-12-08,USGS,8184500,1949-12-08,0.0,A
1949-12-09,USGS,8184500,1949-12-09,0.0,A
1949-12-10,USGS,8184500,1949-12-10,0.0,A
1949-12-11,USGS,8184500,1949-12-11,0.0,A
1949-12-12,USGS,8184500,1949-12-12,0.0,A
1949-12-13,USGS,8184500,1949-12-13,0.0,A
1949-12-14,USGS,8184500,1949-12-14,0.0,A
1949-12-15,USGS,8184500,1949-12-15,0.0,A
1949-12-16,USGS,8184500,1949-12-16,0.0,A
1949-12-17,USGS,8184500,1949-12-17,0.0,A
1949-12-18,USGS,8184500,1949-12-18,0.0,A
1949-12-19,USGS,8184500,1949-12-19,0.0,A
1949-12-20,USGS,8184500,1949-12-20,0.0,A
1949-12-21,USGS,8184500,1949-12-21,0.0,A
1949-12-22,USGS,8184500,1949-12-22,0.0,A
1949-12-23,USGS,8184500,1949-12-23,0.0,A
1949-12-24,USGS,8184500,1949-12-24,0.0,A
1949-12-25,USGS,8184500,1949-12-25,0.0,A
1949-12-26,USGS,8184500,1949-12-26,0.0,A
1949-12-27,USGS,8184500,1949-12-27,0.0,A
1949-12-28,USGS,8184500,1949-12-28,0.0,A
1949-12-29,USGS,8184500,1949-12-29,0.0,A
1949-12-30,USGS,8184500,1949-12-30,0.0,A
1949-12-31,USGS,8184500,1949-12-31,0.0,A
1950-01-01,USGS,8184500,1950-01-01,0.0,A
1950-01-02,USGS,8184500,1950-01-02,0.0,A
1950-01-03,USGS,8184500,1950-01-03,0.0,A
1950-01-04,USGS,8184500,1950-01-04,0.0,A
1950-01-05,USGS,8184500,1950-01-05,0.0,A
1950-01-06,USGS,8184500,1950-01-06,0.0,A
1950-01-07,USGS,8184500,1950-01-07,0.0,A
1950-01-08,USGS,8184500,1950-01-08,0.0,A
1950-01-09,USGS,8184500,1950-01-09,0.0,A
1950-01-10,USGS,8184500,1950-01-10,0.0,A
1950-01-11,USGS,8184500,1950-01-11,0.0,A
1950-01-12,USGS,8184500,1950-01-12,0.0,A
1950-01-13,USGS,8184500,1950-01-13,0.0,A
1950-01-14,USGS,8184500,1950-01-14,0.0,A
1950-01-15,USGS,8184500,1950-01-15,0.0,A
1950-01-16,USGS,8184500,1950-01-16,0.0,A
1950-01-17,USGS,8184500,1950-01-17,0.0,A
1950-01-18,USGS,8184500,1950-01-18,0.0,A
1950-01-19,USGS,8184500,1950-01-19,0.0,A
1950-01-20,USGS,8184500,1950-01-20,0.0,A
1950-01-21,USGS,8184500,1950-01-21,0.0,A
1950-01-22,USGS,8184500,1950-01-22,0.0,A
1950-01-23,USGS,8184500,1950-01-23,0.0,A
1950-01-24,USGS,8184500,1950-01-24,0.0,A
1950-01-25,USGS,8184500,1950-01-25,0.0,A
1950-01-26,USGS,8184500,1950-01-26,0.0,A
1950-01-27,USGS,8184500,1950-01-27,0.0,A
1950-01-28,USGS,8184500,1950-01-28,0.0,A
1950-01-29,USGS,8184500,1950-01-29,0.0,A
1950-01-30,USGS,8184500,1950-01-30,0.0,A
1950-01-31,USGS,8184500,1950-01-31,0.0,A
1950-02-01,USGS,8184500,1950-02-01,0.0,A
1950-02-02,USGS,8184500,1950-02-02,0.0,A
1950-02-03,USGS,8184500,1950-02-03,0.0,A
1950-02-04,USGS,8184500,1950-02-04,0.0,A
1950-02-05,USGS,8184500,1950-02-05,0.0,A
1950-02-06,USGS,8184500,1950-02-06,0.0,A
1950-02-07,USGS,8184500,1950-02-07,0.0,A
1950-02-08,USGS,8184500,1950-02-08,0.0,A
1950-02-09,USGS,8184500,1950-02-09,0.0,A
1950-02-10,USGS,8184500,1950-02-10,0.0,A
1950-02-11,USGS,8184500,1950-02-11,0.0,A
1950-02-12,USGS,8184500,1950-02-12,0.0,A
1950-02-13,USGS,8184500,1950-02-13,0.0,A
1950-02-14,USGS,8184500,1950-02-14,0.0,A
1950-02-15,USGS,8184500,1950-02-15,0.0,A
1950-02-16,USGS,8184500,1950-02-16,0.0,A
1950-02-17,USGS,8184500,1950-02-17,0.0,A
1950-02-18,USGS,8184500,1950-02-18,0.0,A
1950-02-19,USGS,8184500,1950-02-19,0.0,A
1950-02-20,USGS,8184500,1950-02-20,0.0,A
1950-02-21,USGS,8184500,1950-02-21,0.0,A
1950-02-22,USGS,8184500,1950-02-22,0.0,A
1950-02-23,USGS,8184500,1950-02-23,0.0,A
1950-02-24,USGS,8184500,1950-02-24,0.0,A
1950-02-25,USGS,8184500,1950-02-25,0.0,A
1950-02-26,USGS,8184500,1950-02-26,0.0,A
1950-02-27,USGS,8184500,1950-02-27,0.0,A
1950-02-28,USGS,8184500,1950-02-28,0.0,A
1950-03-01,USGS,8184500,1950-03-01,0.0,A
1950-03-02,USGS,8184500,1950-03-02,0.0,A
1950-03-03,USGS,8184500,1950-03-03,0.0,A
1950-03-04,USGS,8184500,1950-03-04,0.0,A
1950-03-05,USGS,8184500,1950-03-05,0.0,A
1950-03-06,USGS,8184500,1950-03-06,0.0,A
1950-03-07,USGS,8184500,1950-03-07,0.0,A
1950-03-08,USGS,8184500,1950-03-08,0.0,A
1950-03-09,USGS,8184500,1950-03-09,0.0,A
1950-03-10,USGS,8184500,1950-03-10,0.0,A
1950-03-11,USGS,8184500,1950-03-11,0.0,A
1950-03-12,USGS,8184500,1950-03-12,0.0,A
1950-03-13,USGS,8184500,1950-03-13,0.0,A
1950-03-14,USGS,8184500,1950-03-14,0.0,A
1950-03-15,USGS,8184500,1950-03-15,0.0,A
1950-03-16,USGS,8184500,1950-03-16,0.0,A
1950-03-17,USGS,8184500,1950-03-17,0.0,A
1950-03-18,USGS,8184500,1950-03-18,0.0,A
1950-03-19,USGS,8184500,1950-03-19,0.0,A
1950-03-20,USGS,8184500,1950-03-20,0.0,A
1950-03-21,USGS,8184500,1950-03-21,0.0,A
1950-03-22,USGS,8184500,1950-03-22,0.0,A
1950-03-23,USGS,8184500,1950-03-23,0.0,A
1950-03-24,USGS,8184500,1950-03-24,0.0,A
1950-03-25,USGS,8184500,1950-03-25,0.0,A
1950-03-26,USGS,8184500,1950-03-26,0.0,A
1950-03-27,USGS,8184500,1950-03-27,0.0,A
1950-03-28,USGS,8184500,1950-03-28,0.0,A
1950-03-29,USGS,8184500,1950-03-29,0.0,A
1950-03-30,USGS,8184500,1950-03-30,0.0,A
1950-03-31,USGS,8184500,1950-03-31,0.0,A
1950-04-01,USGS,8184500,1950-04-01,0.0,A
1950-04-02,USGS,8184500,1950-04-02,0.0,A
1950-04-03,USGS,8184500,1950-04-03,0.0,A
1950-04-04,USGS,8184500,1950-04-04,0.0,A
1950-04-05,USGS,8184500,1950-04-05,0.0,A
1950-04-06,USGS,8184500,1950-04-06,0.0,A
1950-04-07,USGS,8184500,1950-04-07,0.0,A
1950-04-08,USGS,8184500,1950-04-08,0.0,A
1950-04-09,USGS,8184500,1950-04-09,0.0,A
1950-04-10,USGS,8184500,1950-04-10,0.0,A
1950-04-11,USGS,8184500,1950-04-11,0.0,A
1950-04-12,USGS,8184500,1950-04-12,0.0,A
1950-04-13,USGS,8184500,1950-04-13,0.0,A
1950-04-14,USGS,8184500,1950-04-14,0.0,A
1950-04-15,USGS,8184500,1950-04-15,0.0,A
1950-04-16,USGS,8184500,1950-04-16,0.0,A
1950-04-17,USGS,8184500,1950-04-17,0.0,A
1950-04-18,USGS,8184500,1950-04-18,0.0,A
1950-04-19,USGS,8184500,1950-04-19,0.0,A
1950-04-20,USGS,8184500,1950-04-20,0.0,A
1950-04-21,USGS,8184500,1950-04-21,0.0,A
1950-04-22,USGS,8184500,1950-04-22,0.0,A
1950-04-23,USGS,8184500,1950-04-23,0.0,A
1950-04-24,USGS,8184500,1950-04-24,0.0,A
1950-04-25,USGS,8184500,1950-04-25,0.0,A
1950-04-26,USGS,8184500,1950-04-26,0.0,A
1950-04-27,USGS,8184500,1950-04-27,0.0,A
1950-04-28,USGS,8184500,1950-04-28,0.0,A
1950-04-29,USGS,8184500,1950-04-29,0.0,A
1950-04-30,USGS,8184500,1950-04-30,0.0,A
1950-05-01,USGS,8184500,1950-05-01,0.0,A
1950-05-02,USGS,8184500,1950-05-02,0.0,A
1950-05-03,USGS,8184500,1950-05-03,0.0,A
1950-05-04,USGS,8184500,1950-05-04,0.0,A
1950-05-05,USGS,8184500,1950-05-05,0.0,A
1950-05-06,USGS,8184500,1950-05-06,0.0,A
1950-05-07,USGS,8184500,1950-05-07,0.0,A
1950-05-08,USGS,8184500,1950-05-08,0.0,A
1950-05-09,USGS,8184500,1950-05-09,0.0,A
1950-05-10,USGS,8184500,1950-05-10,0.0,A
1950-05-11,USGS,8184500,1950-05-11,0.0,A
1950-05-12,USGS,8184500,1950-05-12,0.0,A
1950-05-13,USGS,8184500,1950-05-13,0.0,A
1950-05-14,USGS,8184500,1950-05-14,0.0,A
1950-05-15,USGS,8184500,1950-05-15,0.0,A
1950-05-16,USGS,8184500,1950-05-16,0.0,A
1950-05-17,USGS,8184500,1950-05-17,0.0,A
1950-05-18,USGS,8184500,1950-05-18,0.0,A
1950-05-19,USGS,8184500,1950-05-19,0.0,A
1950-05-20,USGS,8184500,1950-05-20,0.0,A
1950-05-21,USGS,8184500,1950-05-21,0.0,A
1950-05-22,USGS,8184500,1950-05-22,0.0,A
1950-05-23,USGS,8184500,1950-05-23,0.0,A
1950-05-24,USGS,8184500,1950-05-24,0.0,A
1950-05-25,USGS,8184500,1950-05-25,0.0,A
1950-05-26,USGS,8184500,1950-05-26,0.0,A
1950-05-27,USGS,8184500,1950-05-27,0.0,A
1950-05-28,USGS,8184500,1950-05-28,0.0,A
1950-05-29,USGS,8184500,1950-05-29,0.0,A
1950-05-30,USGS,8184500,1950-05-30,0.0,A
1950-05-31,USGS,8184500,1950-05-31,0.0,A
1950-06-01,USGS,8184500,1950-06-01,0.0,A
1950-06-02,USGS,8184500,1950-06-02,0.0,A
1950-06-03,USGS,8184500,1950-06-03,0.0,A
1950-06-04,USGS,8184500,1950-06-04,0.0,A
1950-06-05,USGS,8184500,1950-06-05,0.0,A
1950-06-06,USGS,8184500,1950-06-06,0.0,A
1950-06-07,USGS,8184500,1950-06-07,0.0,A
1950-06-08,USGS,8184500,1950-06-08,0.0,A
1950-06-09,USGS,8184500,1950-06-09,0.0,A
1950-06-10,USGS,8184500,1950-06-10,0.0,A
1950-06-11,USGS,8184500,1950-06-11,0.0,A
1950-06-12,USGS,8184500,1950-06-12,0.0,A
1950-06-13,USGS,8184500,1950-06-13,0.0,A
1950-06-14,USGS,8184500,1950-06-14,0.0,A
1950-06-15,USGS,8184500,1950-06-15,0.0,A
1950-06-16,USGS,8184500,1950-06-16,0.0,A
1950-06-17,USGS,8184500,1950-06-17,0.0,A
1950-06-18,USGS,8184500,1950-06-18,0.0,A
1950-06-19,USGS,8184500,1950-06-19,0.0,A
1950-06-20,USGS,8184500,1950-06-20,0.0,A
1950-06-21,USGS,8184500,1950-06-21,0.0,A
1950-06-22,USGS,8184500,1950-06-22,0.0,A
1950-06-23,USGS,8184500,1950-06-23,0.0,A
1950-06-24,USGS,8184500,1950-06-24,0.0,A
1950-06-25,USGS,8184500,1950-06-25,0.0,A
1950-06-26,USGS,8184500,1950-06-26,0.0,A
1950-06-27,USGS,8184500,1950-06-27,0.0,A
1950-06-28,USGS,8184500,1950-06-28,0.0,A
1950-06-29,USGS,8184500,1950-06-29,0.0,A
1950-06-30,USGS,8184500,1950-06-30,0.0,A
1950-07-01,USGS,8184500,1950-07-01,0.0,A
1950-07-02,USGS,8184500,1950-07-02,0.0,A
1950-07-03,USGS,8184500,1950-07-03,0.0,A
1950-07-04,USGS,8184500,1950-07-04,0.0,A
1950-07-05,USGS,8184500,1950-07-05,0.0,A
1950-07-06,USGS,8184500,1950-07-06,0.0,A
1950-07-07,USGS,8184500,1950-07-07,0.0,A
1950-07-08,USGS,8184500,1950-07-08,0.0,A
1950-07-09,USGS,8184500,1950-07-09,0.0,A
1950-07-10,USGS,8184500,1950-07-10,0.0,A
1950-07-11,USGS,8184500,1950-07-11,0.0,A
1950-07-12,USGS,8184500,1950-07-12,0.0,A
1950-07-13,USGS,8184500,1950-07-13,0.0,A
1950-07-14,USGS,8184500,1950-07-14,0.0,A
1950-07-15,USGS,8184500,1950-07-15,0.0,A
1950-07-16,USGS,8184500,1950-07-16,0.0,A
1950-07-17,USGS,8184500,1950-07-17,0.0,A
1950-07-18,USGS,8184500,1950-07-18,0.0,A
1950-07-19,USGS,8184500,1950-07-19,0.0,A
1950-07-20,USGS,8184500,1950-07-20,0.0,A
1950-07-21,USGS,8184500,1950-07-21,0.0,A
1950-07-22,USGS,8184500,1950-07-22,0.0,A
1950-07-23,USGS,8184500,1950-07-23,0.0,A
1950-07-24,USGS,8184500,1950-07-24,0.0,A
1950-07-25,USGS,8184500,1950-07-25,0.0,A
1950-07-26,USGS,8184500,1950-07-26,0.0,A
1950-07-27,USGS,8184500,1950-07-27,0.0,A
1950-07-28,USGS,8184500,1950-07-28,0.0,A
1950-07-29,USGS,8184500,1950-07-29,0.0,A
1950-07-30,USGS,8184500,1950-07-30,0.0,A
1950-07-31,USGS,8184500,1950-07-31,0.0,A
1950-08-01,USGS,8184500,1950-08-01,0.0,A
1950-08-02,USGS,8184500,1950-08-02,0.0,A
1950-08-03,USGS,8184500,1950-08-03,0.0,A
1950-08-04,USGS,8184500,1950-08-04,0.0,A
1950-08-05,USGS,8184500,1950-08-05,0.0,A
1950-08-06,USGS,8184500,1950-08-06,0.0,A
1950-08-07,USGS,8184500,1950-08-07,0.0,A
1950-08-08,USGS,8184500,1950-08-08,0.0,A
1950-08-09,USGS,8184500,1950-08-09,0.0,A
1950-08-10,USGS,8184500,1950-08-10,0.0,A
1950-08-11,USGS,8184500,1950-08-11,0.0,A
1950-08-12,USGS,8184500,1950-08-12,0.0,A
1950-08-13,USGS,8184500,1950-08-13,0.0,A
1950-08-14,USGS,8184500,1950-08-14,0.0,A
1950-08-15,USGS,8184500,1950-08-15,0.0,A
1950-08-16,USGS,8184500,1950-08-16,0.0,A
1950-08-17,USGS,8184500,1950-08-17,0.0,A
1950-08-18,USGS,8184500,1950-08-18,0.0,A
1950-08-19,USGS,8184500,1950-08-19,0.0,A
1950-08-20,USGS,8184500,1950-08-20,0.0,A
1950-08-21,USGS,8184500,1950-08-21,0.0,A
1950-08-22,USGS,8184500,1950-08-22,0.0,A
1950-08-23,USGS,8184500,1950-08-23,0.0,A
1950-08-24,USGS,8184500,1950-08-24,0.0,A
1950-08-25,USGS,8184500,1950-08-25,0.0,A
1950-08-26,USGS,8184500,1950-08-26,0.0,A
1950-08-27,USGS,8184500,1950-08-27,0.0,A
1950-08-28,USGS,8184500,1950-08-28,0.0,A
1950-08-29,USGS,8184500,1950-08-29,0.0,A
1950-08-30,USGS,8184500,1950-08-30,0.0,A
1950-08-31,USGS,8184500,1950-08-31,0.0,A
1950-09-01,USGS,8184500,1950-09-01,0.0,A
1950-09-02,USGS,8184500,1950-09-02,0.0,A
1950-09-03,USGS,8184500,1950-09-03,0.0,A
1950-09-04,USGS,8184500,1950-09-04,0.0,A
1950-09-05,USGS,8184500,1950-09-05,0.0,A
1950-09-06,USGS,8184500,1950-09-06,0.0,A
1950-09-07,USGS,8184500,1950-09-07,0.0,A
1950-09-08,USGS,8184500,1950-09-08,0.0,A
1950-09-09,USGS,8184500,1950-09-09,0.0,A
1950-09-10,USGS,8184500,1950-09-10,0.0,A
1950-09-11,USGS,8184500,1950-09-11,0.0,A
1950-09-12,USGS,8184500,1950-09-12,0.0,A
1950-09-13,USGS,8184500,1950-09-13,0.0,A
1950-09-14,USGS,8184500,1950-09-14,0.0,A
1950-09-15,USGS,8184500,1950-09-15,0.0,A
1950-09-16,USGS,8184500,1950-09-16,0.0,A
1950-09-17,USGS,8184500,1950-09-17,0.0,A
1950-09-18,USGS,8184500,1950-09-18,0.0,A
1950-09-19,USGS,8184500,1950-09-19,0.0,A
1950-09-20,USGS,8184500,1950-09-20,0.0,A
1950-09-21,USGS,8184500,1950-09-21,0.0,A
1950-09-22,USGS,8184500,1950-09-22,0.0,A
1950-09-23,USGS,8184500,1950-09-23,0.0,A
1950-09-24,USGS,8184500,1950-09-24,0.0,A
1950-09-25,USGS,8184500,1950-09-25,0.0,A
1950-09-26,USGS,8184500,1950-09-26,0.0,A
1950-09-27,USGS,8184500,1950-09-27,0.0,A
1950-09-28,USGS,8184500,1950-09-28,0.0,A
1950-09-29,USGS,8184500,1950-09-29,0.0,A
1950-09-30,USGS,8184500,1950-09-30,0.0,A
1950-10-01,USGS,8184500,1950-10-01,0.0,A
1950-10-02,USGS,8184500,1950-10-02,0.0,A
1950-10-03,USGS,8184500,1950-10-03,0.0,A
1950-10-04,USGS,8184500,1950-10-04,0.0,A
1950-10-05,USGS,8184500,1950-10-05,0.0,A
1950-10-06,USGS,8184500,1950-10-06,0.0,A
1950-10-07,USGS,8184500,1950-10-07,0.0,A
1950-10-08,USGS,8184500,1950-10-08,0.0,A
1950-10-09,USGS,8184500,1950-10-09,0.0,A
1950-10-10,USGS,8184500,1950-10-10,0.0,A
1950-10-11,USGS,8184500,1950-10-11,0.0,A
1950-10-12,USGS,8184500,1950-10-12,0.0,A
1950-10-13,USGS,8184500,1950-10-13,0.0,A
1950-10-14,USGS,8184500,1950-10-14,0.0,A
1950-10-15,USGS,8184500,1950-10-15,0.0,A
1950-10-16,USGS,8184500,1950-10-16,0.0,A
1950-10-17,USGS,8184500,1950-10-17,0.0,A
1950-10-18,USGS,8184500,1950-10-18,0.0,A
1950-10-19,USGS,8184500,1950-10-19,0.0,A
1950-10-20,USGS,8184500,1950-10-20,0.0,A
1950-10-21,USGS,8184500,1950-10-21,0.0,A
1950-10-22,USGS,8184500,1950-10-22,0.0,A
1950-10-23,USGS,8184500,1950-10-23,0.0,A
1950-10-24,USGS,8184500,1950-10-24,0.0,A
1950-10-25,USGS,8184500,1950-10-25,0.0,A
1950-10-26,USGS,8184500,1950-10-26,0.0,A
1950-10-27,USGS,8184500,1950-10-27,0.0,A
1950-10-28,USGS,8184500,1950-10-28,0.0,A
1950-10-29,USGS,8184500,1950-10-29,0.0,A
1950-10-30,USGS,8184500,1950-10-30,0.0,A
1950-10-31,USGS,8184500,1950-10-31,0.0,A
1950-11-01,USGS,8184500,1950-11-01,0.0,A
1950-11-02,USGS,8184500,1950-11-02,0.0,A
1950-11-03,USGS,8184500,1950-11-03,0.0,A
1950-11-04,USGS,8184500,1950-11-04,0.0,A
1950-11-05,USGS,8184500,1950-11-05,0.0,A
1950-11-06,USGS,8184500,1950-11-06,0.0,A
1950-11-07,USGS,8184500,1950-11-07,0.0,A
1950-11-08,USGS,8184500,1950-11-08,0.0,A
1950-11-09,USGS,8184500,1950-11-09,0.0,A
1950-11-10,USGS,8184500,1950-11-10,0.0,A
1950-11-11,USGS,8184500,1950-11-11,0.0,A
1950-11-12,USGS,8184500,1950-11-12,0.0,A
1950-11-13,USGS,8184500,1950-11-13,0.0,A
1950-11-14,USGS,8184500,1950-11-14,0.0,A
1950-11-15,USGS,8184500,1950-11-15,0.0,A
1950-11-16,USGS,8184500,1950-11-16,0.0,A
1950-11-17,USGS,8184500,1950-11-17,0.0,A
1950-11-18,USGS,8184500,1950-11-18,0.0,A
1950-11-19,USGS,8184500,1950-11-19,0.0,A
1950-11-20,USGS,8184500,1950-11-20,0.0,A
1950-11-21,USGS,8184500,1950-11-21,0.0,A
1950-11-22,USGS,8184500,1950-11-22,0.0,A
1950-11-23,USGS,8184500,1950-11-23,0.0,A
1950-11-24,USGS,8184500,1950-11-24,0.0,A
1950-11-25,USGS,8184500,1950-11-25,0.0,A
1950-11-26,USGS,8184500,1950-11-26,0.0,A
1950-11-27,USGS,8184500,1950-11-27,0.0,A
1950-11-28,USGS,8184500,1950-11-28,0.0,A
1950-11-29,USGS,8184500,1950-11-29,0.0,A
1950-11-30,USGS,8184500,1950-11-30,0.0,A
1950-12-01,USGS,8184500,1950-12-01,0.0,A
1950-12-02,USGS,8184500,1950-12-02,0.0,A
1950-12-03,USGS,8184500,1950-12-03,0.0,A
1950-12-04,USGS,8184500,1950-12-04,0.0,A
1950-12-05,USGS,8184500,1950-12-05,0.0,A
1950-12-06,USGS,8184500,1950-12-06,0.0,A
1950-12-07,USGS,8184500,1950-12-07,0.0,A
1950-12-08,USGS,8184500,1950-12-08,0.0,A
1950-12-09,USGS,8184500,1950-12-09,0.0,A
1950-12-10,USGS,8184500,1950-12-10,0.0,A
1950-12-11,USGS,8184500,1950-12-11,0.0,A
1950-12-12,USGS,8184500,1950-12-12,0.0,A
1950-12-13,USGS,8184500,1950-12-13,0.0,A
1950-12-14,USGS,8184500,1950-12-14,0.0,A
1950-12-15,USGS,8184500,1950-12-15,0.0,A
1950-12-16,USGS,8184500,1950-12-16,0.0,A
1950-12-17,USGS,8184500,1950-12-17,0.0,A
1950-12-18,USGS,8184500,1950-12-18,0.0,A
1950-12-19,USGS,8184500,1950-12-19,0.0,A
1950-12-20,USGS,8184500,1950-12-20,0.0,A
1950-12-21,USGS,8184500,1950-12-21,0.0,A
1950-12-22,USGS,8184500,1950-12-22,0.0,A
1950-12-23,USGS,8184500,1950-12-23,0.0,A
1950-12-24,USGS,8184500,1950-12-24,0.0,A
1950-12-25,USGS,8184500,1950-12-25,0.0,A
1950-12-26,USGS,8184500,1950-12-26,0.0,A
1950-12-27,USGS,8184500,1950-12-27,0.0,A
1950-12-28,USGS,8184500,1950-12-28,0.0,A
1950-12-29,USGS,8184500,1950-12-29,0.0,A
1950-12-30,USGS,8184500,1950-12-30,0.0,A
1950-12-31,USGS,8184500,1950-12-31,0.0,A
1951-01-01,USGS,8184500,1951-01-01,0.0,A
1951-01-02,USGS,8184500,1951-01-02,0.0,A
1951-01-03,USGS,8184500,1951-01-03,0.0,A
1951-01-04,USGS,8184500,1951-01-04,0.0,A
1951-01-05,USGS,8184500,1951-01-05,0.0,A
1951-01-06,USGS,8184500,1951-01-06,0.0,A
1951-01-07,USGS,8184500,1951-01-07,0.0,A
1951-01-08,USGS,8184500,1951-01-08,0.0,A
1951-01-09,USGS,8184500,1951-01-09,0.0,A
1951-01-10,USGS,8184500,1951-01-10,0.0,A
1951-01-11,USGS,8184500,1951-01-11,0.0,A
1951-01-12,USGS,8184500,1951-01-12,0.0,A
1951-01-13,USGS,8184500,1951-01-13,0.0,A
1951-01-14,USGS,8184500,1951-01-14,0.0,A
1951-01-15,USGS,8184500,1951-01-15,0.0,A
1951-01-16,USGS,8184500,1951-01-16,0.0,A
1951-01-17,USGS,8184500,1951-01-17,0.0,A
1951-01-18,USGS,8184500,1951-01-18,0.0,A
1951-01-19,USGS,8184500,1951-01-19,0.0,A
1951-01-20,USGS,8184500,1951-01-20,0.0,A
1951-01-21,USGS,8184500,1951-01-21,0.0,A
1951-01-22,USGS,8184500,1951-01-22,0.0,A
1951-01-23,USGS,8184500,1951-01-23,0.0,A
1951-01-24,USGS,8184500,1951-01-24,0.0,A
1951-01-25,USGS,8184500,1951-01-25,0.0,A
1951-01-26,USGS,8184500,1951-01-26,0.0,A
1951-01-27,USGS,8184500,1951-01-27,0.0,A
1951-01-28,USGS,8184500,1951-01-28,0.0,A
1951-01-29,USGS,8184500,1951-01-29,0.0,A
1951-01-30,USGS,8184500,1951-01-30,0.0,A
1951-01-31,USGS,8184500,1951-01-31,0.0,A
1951-02-01,USGS,8184500,1951-02-01,0.0,A
1951-02-02,USGS,8184500,1951-02-02,0.0,A
1951-02-03,USGS,8184500,1951-02-03,0.0,A
1951-02-04,USGS,8184500,1951-02-04,0.0,A
1951-02-05,USGS,8184500,1951-02-05,0.0,A
1951-02-06,USGS,8184500,1951-02-06,0.0,A
1951-02-07,USGS,8184500,1951-02-07,0.0,A
1951-02-08,USGS,8184500,1951-02-08,0.0,A
1951-02-09,USGS,8184500,1951-02-09,0.0,A
1951-02-10,USGS,8184500,1951-02-10,0.0,A
1951-02-11,USGS,8184500,1951-02-11,0.0,A
1951-02-12,USGS,8184500,1951-02-12,0.0,A
1951-02-13,USGS,8184500,1951-02-13,0.0,A
1951-02-14,USGS,8184500,1951-02-14,0.0,A
1951-02-15,USGS,8184500,1951-02-15,0.0,A
1951-02-16,USGS,8184500,1951-02-16,0.0,A
1951-02-17,USGS,8184500,1951-02-17,0.0,A
1951-02-18,USGS,8184500,1951-02-18,0.0,A
1951-02-19,USGS,8184500,1951-02-19,0.0,A
1951-02-20,USGS,8184500,1951-02-20,0.0,A
1951-02-21,USGS,8184500,1951-02-21,0.0,A
1951-02-22,USGS,8184500,1951-02-22,0.0,A
1951-02-23,USGS,8184500,1951-02-23,0.0,A
1951-02-24,USGS,8184500,1951-02-24,0.0,A
1951-02-25,USGS,8184500,1951-02-25,0.0,A
1951-02-26,USGS,8184500,1951-02-26,0.0,A
1951-02-27,USGS,8184500,1951-02-27,0.0,A
1951-02-28,USGS,8184500,1951-02-28,0.0,A
1951-03-01,USGS,8184500,1951-03-01,0.0,A
1951-03-02,USGS,8184500,1951-03-02,0.0,A
1951-03-03,USGS,8184500,1951-03-03,0.0,A
1951-03-04,USGS,8184500,1951-03-04,0.0,A
1951-03-05,USGS,8184500,1951-03-05,0.0,A
1951-03-06,USGS,8184500,1951-03-06,0.0,A
1951-03-07,USGS,8184500,1951-03-07,0.0,A
1951-03-08,USGS,8184500,1951-03-08,0.0,A
1951-03-09,USGS,8184500,1951-03-09,0.0,A
1951-03-10,USGS,8184500,1951-03-10,0.0,A
1951-03-11,USGS,8184500,1951-03-11,0.0,A
1951-03-12,USGS,8184500,1951-03-12,0.0,A
1951-03-13,USGS,8184500,1951-03-13,0.0,A
1951-03-14,USGS,8184500,1951-03-14,0.0,A
1951-03-15,USGS,8184500,1951-03-15,0.0,A
1951-03-16,USGS,8184500,1951-03-16,0.0,A
1951-03-17,USGS,8184500,1951-03-17,0.0,A
1951-03-18,USGS,8184500,1951-03-18,0.0,A
1951-03-19,USGS,8184500,1951-03-19,0.0,A
1951-03-20,USGS,8184500,1951-03-20,0.0,A
1951-03-21,USGS,8184500,1951-03-21,0.0,A
1951-03-22,USGS,8184500,1951-03-22,0.0,A
1951-03-23,USGS,8184500,1951-03-23,0.0,A
1951-03-24,USGS,8184500,1951-03-24,0.0,A
1951-03-25,USGS,8184500,1951-03-25,0.0,A
1951-03-26,USGS,8184500,1951-03-26,0.0,A
1951-03-27,USGS,8184500,1951-03-27,0.0,A
1951-03-28,USGS,8184500,1951-03-28,0.0,A
1951-03-29,USGS,8184500,1951-03-29,0.0,A
1951-03-30,USGS,8184500,1951-03-30,0.0,A
1951-03-31,USGS,8184500,1951-03-31,0.0,A
1951-04-01,USGS,8184500,1951-04-01,0.0,A
1951-04-02,USGS,8184500,1951-04-02,0.0,A
1951-04-03,USGS,8184500,1951-04-03,0.0,A
1951-04-04,USGS,8184500,1951-04-04,0.0,A
1951-04-05,USGS,8184500,1951-04-05,0.0,A
1951-04-06,USGS,8184500,1951-04-06,0.0,A
1951-04-07,USGS,8184500,1951-04-07,0.0,A
1951-04-08,USGS,8184500,1951-04-08,0.0,A
1951-04-09,USGS,8184500,1951-04-09,0.0,A
1951-04-10,USGS,8184500,1951-04-10,0.0,A
1951-04-11,USGS,8184500,1951-04-11,0.0,A
1951-04-12,USGS,8184500,1951-04-12,0.0,A
1951-04-13,USGS,8184500,1951-04-13,0.0,A
1951-04-14,USGS,8184500,1951-04-14,0.0,A
1951-04-15,USGS,8184500,1951-04-15,0.0,A
1951-04-16,USGS,8184500,1951-04-16,0.0,A
1951-04-17,USGS,8184500,1951-04-17,0.0,A
1951-04-18,USGS,8184500,1951-04-18,0.0,A
1951-04-19,USGS,8184500,1951-04-19,0.0,A
1951-04-20,USGS,8184500,1951-04-20,0.0,A
1951-04-21,USGS,8184500,1951-04-21,0.0,A
1951-04-22,USGS,8184500,1951-04-22,0.0,A
1951-04-23,USGS,8184500,1951-04-23,0.0,A
1951-04-24,USGS,8184500,1951-04-24,0.0,A
1951-04-25,USGS,8184500,1951-04-25,0.0,A
1951-04-26,USGS,8184500,1951-04-26,0.0,A
1951-04-27,USGS,8184500,1951-04-27,0.0,A
1951-04-28,USGS,8184500,1951-04-28,0.0,A
1951-04-29,USGS,8184500,1951-04-29,0.0,A
1951-04-30,USGS,8184500,1951-04-30,0.0,A
1951-05-01,USGS,8184500,1951-05-01,0.0,A
1951-05-02,USGS,8184500,1951-05-02,0.0,A
1951-05-03,USGS,8184500,1951-05-03,0.0,A
1951-05-04,USGS,8184500,1951-05-04,0.0,A
1951-05-05,USGS,8184500,1951-05-05,0.0,A
1951-05-06,USGS,8184500,1951-05-06,0.0,A
1951-05-07,USGS,8184500,1951-05-07,0.0,A
1951-05-08,USGS,8184500,1951-05-08,0.0,A
1951-05-09,USGS,8184500,1951-05-09,0.0,A
1951-05-10,USGS,8184500,1951-05-10,0.0,A
1951-05-11,USGS,8184500,1951-05-11,0.0,A
1951-05-12,USGS,8184500,1951-05-12,0.0,A
1951-05-13,USGS,8184500,1951-05-13,0.0,A
1951-05-14,USGS,8184500,1951-05-14,0.0,A
1951-05-15,USGS,8184500,1951-05-15,0.0,A
1951-05-16,USGS,8184500,1951-05-16,0.0,A
1951-05-17,USGS,8184500,1951-05-17,0.0,A
1951-05-18,USGS,8184500,1951-05-18,0.0,A
1951-05-19,USGS,8184500,1951-05-19,0.0,A
1951-05-20,USGS,8184500,1951-05-20,0.0,A
1951-05-21,USGS,8184500,1951-05-21,0.0,A
1951-05-22,USGS,8184500,1951-05-22,0.0,A
1951-05-23,USGS,8184500,1951-05-23,0.0,A
1951-05-24,USGS,8184500,1951-05-24,0.0,A
1951-05-25,USGS,8184500,1951-05-25,0.0,A
1951-05-26,USGS,8184500,1951-05-26,0.0,A
1951-05-27,USGS,8184500,1951-05-27,0.0,A
1951-05-28,USGS,8184500,1951-05-28,0.0,A
1951-05-29,USGS,8184500,1951-05-29,0.0,A
1951-05-30,USGS,8184500,1951-05-30,0.0,A
1951-05-31,USGS,8184500,1951-05-31,0.0,A
1951-06-01,USGS,8184500,1951-06-01,0.0,A
1951-06-02,USGS,8184500,1951-06-02,0.0,A
1951-06-03,USGS,8184500,1951-06-03,0.0,A
1951-06-04,USGS,8184500,1951-06-04,0.0,A
1951-06-05,USGS,8184500,1951-06-05,0.0,A
1951-06-06,USGS,8184500,1951-06-06,0.0,A
1951-06-07,USGS,8184500,1951-06-07,0.0,A
1951-06-08,USGS,8184500,1951-06-08,0.0,A
1951-06-09,USGS,8184500,1951-06-09,0.0,A
1951-06-10,USGS,8184500,1951-06-10,0.0,A
1951-06-11,USGS,8184500,1951-06-11,0.0,A
1951-06-12,USGS,8184500,1951-06-12,0.0,A
1951-06-13,USGS,8184500,1951-06-13,0.0,A
1951-06-14,USGS,8184500,1951-06-14,0.0,A
1951-06-15,USGS,8184500,1951-06-15,0.0,A
1951-06-16,USGS,8184500,1951-06-16,0.0,A
1951-06-17,USGS,8184500,1951-06-17,0.0,A
1951-06-18,USGS,8184500,1951-06-18,0.0,A
1951-06-19,USGS,8184500,1951-06-19,0.0,A
1951-06-20,USGS,8184500,1951-06-20,0.0,A
1951-06-21,USGS,8184500,1951-06-21,0.0,A
1951-06-22,USGS,8184500,1951-06-22,0.0,A
1951-06-23,USGS,8184500,1951-06-23,0.0,A
1951-06-24,USGS,8184500,1951-06-24,0.0,A
1951-06-25,USGS,8184500,1951-06-25,0.0,A
1951-06-26,USGS,8184500,1951-06-26,0.0,A
1951-06-27,USGS,8184500,1951-06-27,0.0,A
1951-06-28,USGS,8184500,1951-06-28,0.0,A
1951-06-29,USGS,8184500,1951-06-29,0.0,A
1951-06-30,USGS,8184500,1951-06-30,0.0,A
1951-07-01,USGS,8184500,1951-07-01,0.0,A
1951-07-02,USGS,8184500,1951-07-02,0.0,A
1951-07-03,USGS,8184500,1951-07-03,0.0,A
1951-07-04,USGS,8184500,1951-07-04,0.0,A
1951-07-05,USGS,8184500,1951-07-05,0.0,A
1951-07-06,USGS,8184500,1951-07-06,0.0,A
1951-07-07,USGS,8184500,1951-07-07,0.0,A
1951-07-08,USGS,8184500,1951-07-08,0.0,A
1951-07-09,USGS,8184500,1951-07-09,0.0,A
1951-07-10,USGS,8184500,1951-07-10,0.0,A
1951-07-11,USGS,8184500,1951-07-11,0.0,A
1951-07-12,USGS,8184500,1951-07-12,0.0,A
1951-07-13,USGS,8184500,1951-07-13,0.0,A
1951-07-14,USGS,8184500,1951-07-14,0.0,A
1951-07-15,USGS,8184500,1951-07-15,0.0,A
1951-07-16,USGS,8184500,1951-07-16,0.0,A
1951-07-17,USGS,8184500,1951-07-17,0.0,A
1951-07-18,USGS,8184500,1951-07-18,0.0,A
1951-07-19,USGS,8184500,1951-07-19,0.0,A
1951-07-20,USGS,8184500,1951-07-20,0.0,A
1951-07-21,USGS,8184500,1951-07-21,0.0,A
1951-07-22,USGS,8184500,1951-07-22,0.0,A
1951-07-23,USGS,8184500,1951-07-23,0.0,A
1951-07-24,USGS,8184500,1951-07-24,0.0,A
1951-07-25,USGS,8184500,1951-07-25,0.0,A
1951-07-26,USGS,8184500,1951-07-26,0.0,A
1951-07-27,USGS,8184500,1951-07-27,0.0,A
1951-07-28,USGS,8184500,1951-07-28,0.0,A
1951-07-29,USGS,8184500,1951-07-29,0.0,A
1951-07-30,USGS,8184500,1951-07-30,0.0,A
1951-07-31,USGS,8184500,1951-07-31,0.0,A
1951-08-01,USGS,8184500,1951-08-01,0.0,A
1951-08-02,USGS,8184500,1951-08-02,0.0,A
1951-08-03,USGS,8184500,1951-08-03,0.0,A
1951-08-04,USGS,8184500,1951-08-04,0.0,A
1951-08-05,USGS,8184500,1951-08-05,0.0,A
1951-08-06,USGS,8184500,1951-08-06,0.0,A
1951-08-07,USGS,8184500,1951-08-07,0.0,A
1951-08-08,USGS,8184500,1951-08-08,0.0,A
1951-08-09,USGS,8184500,1951-08-09,0.0,A
1951-08-10,USGS,8184500,1951-08-10,0.0,A
1951-08-11,USGS,8184500,1951-08-11,0.0,A
1951-08-12,USGS,8184500,1951-08-12,0.0,A
1951-08-13,USGS,8184500,1951-08-13,0.0,A
1951-08-14,USGS,8184500,1951-08-14,0.0,A
1951-08-15,USGS,8184500,1951-08-15,0.0,A
1951-08-16,USGS,8184500,1951-08-16,0.0,A
1951-08-17,USGS,8184500,1951-08-17,0.0,A
1951-08-18,USGS,8184500,1951-08-18,0.0,A
1951-08-19,USGS,8184500,1951-08-19,0.0,A
1951-08-20,USGS,8184500,1951-08-20,0.0,A
1951-08-21,USGS,8184500,1951-08-21,0.0,A
1951-08-22,USGS,8184500,1951-08-22,0.0,A
1951-08-23,USGS,8184500,1951-08-23,0.0,A
1951-08-24,USGS,8184500,1951-08-24,0.0,A
1951-08-25,USGS,8184500,1951-08-25,0.0,A
1951-08-26,USGS,8184500,1951-08-26,0.0,A
1951-08-27,USGS,8184500,1951-08-27,0.0,A
1951-08-28,USGS,8184500,1951-08-28,0.0,A
1951-08-29,USGS,8184500,1951-08-29,0.0,A
1951-08-30,USGS,8184500,1951-08-30,0.0,A
1951-08-31,USGS,8184500,1951-08-31,0.0,A
1951-09-01,USGS,8184500,1951-09-01,0.0,A
1951-09-02,USGS,8184500,1951-09-02,0.0,A
1951-09-03,USGS,8184500,1951-09-03,0.0,A
1951-09-04,USGS,8184500,1951-09-04,0.0,A
1951-09-05,USGS,8184500,1951-09-05,0.0,A
1951-09-06,USGS,8184500,1951-09-06,0.0,A
1951-09-07,USGS,8184500,1951-09-07,0.0,A
1951-09-08,USGS,8184500,1951-09-08,0.0,A
1951-09-09,USGS,8184500,1951-09-09,0.0,A
1951-09-10,USGS,8184500,1951-09-10,0.0,A
1951-09-11,USGS,8184500,1951-09-11,0.0,A
1951-09-12,USGS,8184500,1951-09-12,0.0,A
1951-09-13,USGS,8184500,1951-09-13,0.0,A
1951-09-14,USGS,8184500,1951-09-14,0.0,A
1951-09-15,USGS,8184500,1951-09-15,0.0,A
1951-09-16,USGS,8184500,1951-09-16,0.0,A
1951-09-17,USGS,8184500,1951-09-17,0.0,A
1951-09-18,USGS,8184500,1951-09-18,0.0,A
1951-09-19,USGS,8184500,1951-09-19,0.0,A
1951-09-20,USGS,8184500,1951-09-20,0.0,A
1951-09-21,USGS,8184500,1951-09-21,0.0,A
1951-09-22,USGS,8184500,1951-09-22,0.0,A
1951-09-23,USGS,8184500,1951-09-23,0.0,A
1951-09-24,USGS,8184500,1951-09-24,0.0,A
1951-09-25,USGS,8184500,1951-09-25,0.0,A
1951-09-26,USGS,8184500,1951-09-26,0.0,A
1951-09-27,USGS,8184500,1951-09-27,0.0,A
1951-09-28,USGS,8184500,1951-09-28,0.0,A
1951-09-29,USGS,8184500,1951-09-29,0.0,A
